seldom,-84.0621195277,-1358098.41682
pour,-65.6562367018,-705900.940142
i'll,-62.2309888577,-210981.842115
throng,-58.3126919719,-455941.672202
sacred,-58.0215650264,-252126.008905
mission,-56.8716769408,-966003.349224
six,-55.2171836871,-696501.240327
stout,-54.5467343716,-855958.862995
rainbow,-54.1210956988,-586147.025745
goal,-53.7909579721,-551635.558657
drum,-51.3207074549,-643402.551651
notes,-51.2924166055,-352220.280347
rend,-50.1125671289,-881897.549312
nightingale,-49.1200857153,-715487.772768
fainting,-48.9953581872,-1118696.94112
wondrous,-46.2518485714,-316463.95237
big,-43.4478772266,-393658.383596
struggle,-41.7123519619,-544386.744936
we,-40.8499443807,-18165.3148094
thread,-38.4811976877,-530302.940171
husband,-38.3185205058,-281119.57043
page,-36.6038015404,-200973.19056
gloomy,-35.0170948523,-355920.066531
greet,-34.5512951482,-304798.233168
woke,-33.4639155204,-481529.555742
command,-33.3749204247,-305247.407191
yea,-32.2981162504,-151292.501562
oft,-31.5231853171,-93489.3079582
walking,-31.3224804476,-422943.561709
earthly,-29.7438909824,-173915.263922
parting,-29.5971699428,-319317.440673
sealed,-28.927092956,-509210.732326
firm,-28.5282322015,-297840.815726
wandered,-27.8325324563,-290560.753965
perished,-27.7899851722,-585249.491178
dews,-27.6831437351,-324024.485633
swing,-27.2234194308,-382819.275093
an,-27.0522676571,-15121.8845384
remains,-26.3049549915,-405602.293223
garb,-26.0257127599,-632251.437314
weeds,-25.9350511448,-390039.069095
there,-24.6477550037,-24857.8460331
scent,-24.3354518257,-293409.788024
lately,-24.2948789308,-518538.266001
lovers,-24.2102970739,-193595.662036
beats,-23.7564540616,-404244.252666
learned,-23.6293511391,-208647.707194
shock,-23.6185798344,-387682.143428
regions,-23.3822823466,-323500.624256
friends,-23.0982122392,-85613.7126234
raging,-22.8328195362,-334815.294732
began,-22.6453459046,-178985.94447
everything,-22.1495420074,-313027.556601
lea,-22.0104016206,-357788.77985
linger,-21.4643386742,-246302.337253
nest,-20.7997819887,-162606.6704
olden,-20.5894210906,-317511.010844
sped,-20.48942423,-237046.090437
modern,-20.4842806243,-232138.037988
following,-19.9607193122,-244404.983659
grove,-19.8614200883,-182016.06393
complete,-19.5050969521,-224872.415923
poem,-19.364051128,-192969.180775
fruit,-19.3118501427,-153714.976836
pleasures,-19.2180881023,-231451.190242
utter,-18.8060559448,-258830.035771
failed,-18.7203596641,-251543.423398
steal,-18.4513873692,-222531.768541
pledge,-18.2705494707,-366374.368469
loving,-17.7873989967,-100626.555508
tis,-17.6250873061,-36933.999784
anxious,-16.6077400223,-195795.66385
valour,-16.5202767787,-265486.542237
speed,-16.3289697041,-153454.486814
longer,-16.3275908384,-123182.801197
appeared,-16.2696959281,-213700.391793
weal,-16.0930748061,-255370.144988
burden,-15.9985855332,-164811.463328
flings,-15.7584274911,-347096.194821
corner,-15.6990885769,-230776.472759
cease,-15.5991880612,-109177.955376
revel,-15.4580278365,-338784.908273
brave,-15.456420644,-52796.4298606
blight,-15.3117001225,-221361.426113
safely,-15.2224371495,-324334.121533
lust,-15.1226421953,-206440.172434
waved,-15.063947685,-239994.185851
sunlight,-14.5715107038,-103106.95322
wont,-14.5514302331,-223365.175872
becomes,-14.4331682572,-275070.162057
gained,-13.7048254218,-176598.560598
clasp,-13.5612467746,-158935.912378
wing,-13.5605088295,-80242.7805559
captain,-13.3049819743,-144442.383141
northern,-13.1903083691,-152066.632296
subject,-12.9919221676,-244558.346502
lurid,-12.9575809961,-264164.876238
stayed,-12.5918568726,-189645.120458
miss,-12.4793201998,-65059.986741
rolls,-12.4015563953,-194167.280176
safety,-12.251222946,-222942.869378
river,-12.2383894529,-30726.3367466
dost,-12.1134260922,-57669.5195002
clime,-12.069797199,-146052.280915
laughter,-11.8461184748,-70676.5119635
plan,-11.7133465458,-104520.246771
whisper,-11.442139618,-97835.2805791
lit,-11.231430855,-118211.8584
mothers,-11.0692665921,-182613.059448
trod,-10.9860343521,-109752.442327
lyre,-10.9505533949,-102459.822742
heed,-10.9504808894,-122389.955825
times,-10.9450464835,-69255.3898922
folds,-10.9267591576,-149629.478002
flutter,-10.7973809859,-228471.194508
coming,-10.6930217078,-58583.8192918
fairer,-10.684861906,-141846.495177
thyself,-10.6738860288,-98563.2974786
drops,-10.4888060027,-125125.65045
saviour,-10.4023927369,-37776.1343776
increase,-10.3434407129,-189349.708816
glade,-10.2182873903,-159013.105804
rugged,-10.2046745475,-131874.578911
led,-10.0652860737,-63387.4452881
neath,-9.89584722169,-45890.3422166
gazed,-9.89211088424,-66239.7758976
wildly,-9.88321975459,-135778.31268
like,-9.78300277916,-8369.89178856
longed,-9.7594636386,-159805.366201
kin,-9.70330439097,-146733.492443
stricken,-9.51797429744,-131150.381985
veins,-9.50676664746,-120015.016208
western,-9.41453306057,-109726.231618
guards,-9.22125282563,-164834.370934
twill,-9.14306186979,-128208.906165
plaintive,-8.84181624437,-120719.761637
curls,-8.75453872304,-145685.655808
ceased,-8.7359621648,-101338.491399
returned,-8.69732817427,-131920.296862
nought,-8.69574276061,-43355.0333933
john,-8.6747969756,-44940.7488441
ills,-8.56446569616,-133135.680244
stole,-8.4522677074,-99184.218427
remembered,-8.18852724854,-131657.945347
fleet,-8.07623224561,-86912.6639691
flowers,-8.025617001,-16828.4596325
tyrant,-7.8490094956,-67227.7214806
hearing,-7.76667631668,-139862.680635
delicious,-7.68837018536,-147270.411802
winning,-7.65847026642,-192493.499045
petals,-7.64903136238,-76132.8484459
virtue,-7.62603927649,-52401.523792
picture,-7.57908033815,-61648.5737819
flow,-7.39312784157,-33781.4333084
since,-7.07187583214,-28841.4810466
pure,-7.06517377882,-22411.7383363
as,-7.01586143034,-4139.34094302
pulses,-6.97886285844,-105890.084682
band,-6.96153768833,-37328.6470494
rang,-6.90327001315,-82982.9946287
fragrance,-6.55468928898,-64100.5163464
native,-6.53147404026,-43056.760458
sons,-6.45219639654,-36116.0488407
mingle,-6.24880706511,-117017.963618
till,-6.19716670753,-13222.4503885
twere,-6.0725170352,-77101.6956424
fingers,-6.03433878852,-53227.4949818
mock,-6.00215504333,-79876.4551433
wedded,-5.95013145474,-120132.5294
drowsy,-5.93119546915,-81625.231787
bend,-5.8304563905,-60886.1707344
kind,-5.54195128151,-25889.4727584
visit,-5.53706688674,-95984.1032544
until,-5.51302133338,-24327.0623827
strand,-5.29502734472,-55163.3762889
rife,-5.29134707386,-98018.8487062
mingled,-5.25600729549,-47534.4979493
force,-5.09499827256,-39575.7816959
barren,-5.04970852021,-57884.9829474
tell,-5.049560004,-15142.9813709
liquid,-4.6833896004,-68939.4641903
youthful,-4.43394508913,-40120.6431395
moments,-4.41269013253,-59044.4532114
warriors,-4.39442551902,-47262.5356738
rage,-4.38207462638,-44342.2432713
crystal,-4.36144510201,-43805.1362933
ward,-4.35328984922,-94240.3075538
pearly,-4.27472809567,-83355.27436
thus,-4.1837360717,-8240.67790136
straight,-4.18300936709,-36277.0797618
suddenly,-3.79926201025,-26759.132912
bridal,-3.77349977535,-35473.6807323
view,-3.75921161427,-16679.0562236
has,-3.75672561633,-5890.38560283
full,-3.64981681999,-11636.2044343
equal,-3.46183072682,-44835.2546011
innocence,-3.40007714141,-49937.2003004
noble,-3.32372868898,-16715.7776482
evening,-3.31597752503,-13495.5311639
beautiful,-3.31010048456,-11452.3860495
forward,-3.21850664535,-41525.9186072
don't,-3.21577847631,-15314.2796473
centre,-3.14728764476,-60448.0075732
stain,-3.13795962491,-39665.1722932
reveal,-3.08778890394,-47831.4129964
warrior,-2.75659496072,-23703.4125544
did,-2.48220001661,-4519.96582212
loveliness,-2.43799328481,-23294.2420456
bears,-2.4231136597,-31705.2140083
thank,-2.22818982672,-18055.1774628
plains,-2.19393409008,-20525.507132
drunk,-2.17954356944,-36142.9678851
banner,-1.99540091418,-16989.4419933
nameless,-1.97493453661,-42587.6086814
nothing,-1.93591542702,-9671.19843677
clasped,-1.9231305508,-28874.0304529
unfurled,-1.88265043154,-35165.4622595
blooming,-1.824232619,-21889.5196173
son,-1.70925091038,-5359.59917122
played,-1.69570376058,-16828.2030069
passage,-1.62882214519,-34072.5342131
daughters,-1.56301862924,-25313.2817302
coat,-1.54598746451,-22110.8564677
morning,-1.49942650762,-4203.12954793
purest,-1.45310966896,-21875.1257331
repeat,-1.30957138954,-20727.919891
fair,-1.2985662834,-2049.96997512
burns,-1.21956041559,-13655.3582589
power,-1.10551554323,-2493.75856056
baby,-1.05575600979,-6414.71231053
throb,-1.02562069288,-19105.3866138
teach,-0.870012245305,-7356.11121128
melted,-0.829771821316,-16425.5814084
rosy,-0.776967089351,-5832.66771073
over,-0.626490729723,-591.449835574
cherished,-0.431228324182,-5069.24940644
vision,-0.181081735767,-1072.30351074
way,-0.155327216343,-326.921162201
varied,-0.133239518123,-1516.7190548
threshold,-0.110183005461,-1728.33759455
a,0.0,0.0
abide,0.0,0.0
abode,0.0,0.0
about,0.0,0.0
above,0.0,0.0
abroad,0.0,0.0
absent,0.0,0.0
accents,0.0,0.0
accursed,0.0,0.0
aching,0.0,0.0
across,0.0,0.0
act,0.0,0.0
action,0.0,0.0
add,0.0,0.0
adieu,0.0,0.0
adore,0.0,0.0
advance,0.0,0.0
afar,0.0,0.0
affection,0.0,0.0
afraid,0.0,0.0
after,0.0,0.0
again,0.0,0.0
aged,0.0,0.0
ages,0.0,0.0
ago,0.0,0.0
agony,0.0,0.0
ah,0.0,0.0
aid,0.0,0.0
aim,0.0,0.0
air,0.0,0.0
airs,0.0,0.0
airy,0.0,0.0
alas,0.0,0.0
alien,0.0,0.0
alike,0.0,0.0
alive,0.0,0.0
all,0.0,0.0
almost,0.0,0.0
aloft,0.0,0.0
alone,0.0,0.0
along,0.0,0.0
already,0.0,0.0
also,0.0,0.0
altar,0.0,0.0
although,0.0,0.0
always,0.0,0.0
am,0.0,0.0
amber,0.0,0.0
ambition,0.0,0.0
amid,0.0,0.0
among,0.0,0.0
ample,0.0,0.0
ancient,0.0,0.0
anew,0.0,0.0
angel,0.0,0.0
angels,0.0,0.0
anger,0.0,0.0
anguish,0.0,0.0
anon,0.0,0.0
another,0.0,0.0
answer,0.0,0.0
answered,0.0,0.0
answering,0.0,0.0
answers,0.0,0.0
any,0.0,0.0
anything,0.0,0.0
appear,0.0,0.0
appears,0.0,0.0
apple,0.0,0.0
approach,0.0,0.0
april,0.0,0.0
arch,0.0,0.0
ardent,0.0,0.0
are,0.0,0.0
aright,0.0,0.0
arise,0.0,0.0
arm,0.0,0.0
armed,0.0,0.0
armies,0.0,0.0
armour,0.0,0.0
arms,0.0,0.0
army,0.0,0.0
arose,0.0,0.0
around,0.0,0.0
array,0.0,0.0
arrayed,0.0,0.0
arrow,0.0,0.0
arrows,0.0,0.0
art,0.0,0.0
arts,0.0,0.0
ashes,0.0,0.0
aside,0.0,0.0
asked,0.0,0.0
asleep,0.0,0.0
at,0.0,0.0
athwart,0.0,0.0
aught,0.0,0.0
august,0.0,0.0
autumn,0.0,0.0
await,0.0,0.0
awake,0.0,0.0
away,0.0,0.0
awe,0.0,0.0
awful,0.0,0.0
awhile,0.0,0.0
awoke,0.0,0.0
ay,0.0,0.0
aye,0.0,0.0
azure,0.0,0.0
b,0.0,0.0
babe,0.0,0.0
back,0.0,0.0
backward,0.0,0.0
bad,0.0,0.0
bade,0.0,0.0
ball,0.0,0.0
balm,0.0,0.0
balmy,0.0,0.0
bands,0.0,0.0
bank,0.0,0.0
banks,0.0,0.0
banners,0.0,0.0
banquet,0.0,0.0
bar,0.0,0.0
bard,0.0,0.0
bare,0.0,0.0
bark,0.0,0.0
bars,0.0,0.0
base,0.0,0.0
bathed,0.0,0.0
battle,0.0,0.0
bay,0.0,0.0
be,0.0,0.0
beach,0.0,0.0
beacon,0.0,0.0
beam,0.0,0.0
beaming,0.0,0.0
beams,0.0,0.0
bear,0.0,0.0
bearing,0.0,0.0
beast,0.0,0.0
beasts,0.0,0.0
beat,0.0,0.0
beaten,0.0,0.0
beating,0.0,0.0
beauteous,0.0,0.0
beauties,0.0,0.0
beauty,0.0,0.0
became,0.0,0.0
because,0.0,0.0
become,0.0,0.0
beds,0.0,0.0
bee,0.0,0.0
been,0.0,0.0
bees,0.0,0.0
before,0.0,0.0
beginning,0.0,0.0
begins,0.0,0.0
beguile,0.0,0.0
begun,0.0,0.0
beheld,0.0,0.0
behind,0.0,0.0
behold,0.0,0.0
being,0.0,0.0
believe,0.0,0.0
believed,0.0,0.0
bell,0.0,0.0
bells,0.0,0.0
belong,0.0,0.0
beloved,0.0,0.0
below,0.0,0.0
bending,0.0,0.0
bends,0.0,0.0
beneath,0.0,0.0
bent,0.0,0.0
bereft,0.0,0.0
beside,0.0,0.0
best,0.0,0.0
bestow,0.0,0.0
betrayed,0.0,0.0
better,0.0,0.0
beyond,0.0,0.0
bid,0.0,0.0
bidding,0.0,0.0
bids,0.0,0.0
bier,0.0,0.0
billows,0.0,0.0
bind,0.0,0.0
bird,0.0,0.0
birds,0.0,0.0
birth,0.0,0.0
bit,0.0,0.0
bitterness,0.0,0.0
black,0.0,0.0
blade,0.0,0.0
blame,0.0,0.0
blaze,0.0,0.0
bleak,0.0,0.0
bleed,0.0,0.0
bleeding,0.0,0.0
blend,0.0,0.0
bless,0.0,0.0
blessed,0.0,0.0
blessing,0.0,0.0
blessings,0.0,0.0
blind,0.0,0.0
bliss,0.0,0.0
blissful,0.0,0.0
blithe,0.0,0.0
blood,0.0,0.0
bloody,0.0,0.0
bloom,0.0,0.0
blooms,0.0,0.0
blossom,0.0,0.0
blossoms,0.0,0.0
blow,0.0,0.0
blowing,0.0,0.0
blown,0.0,0.0
blows,0.0,0.0
blue,0.0,0.0
blush,0.0,0.0
blushing,0.0,0.0
board,0.0,0.0
boast,0.0,0.0
boat,0.0,0.0
bodies,0.0,0.0
body,0.0,0.0
bold,0.0,0.0
boldly,0.0,0.0
bond,0.0,0.0
bones,0.0,0.0
book,0.0,0.0
boon,0.0,0.0
bore,0.0,0.0
born,0.0,0.0
bosom,0.0,0.0
both,0.0,0.0
bough,0.0,0.0
boughs,0.0,0.0
bought,0.0,0.0
bound,0.0,0.0
bounding,0.0,0.0
boundless,0.0,0.0
bounds,0.0,0.0
bow,0.0,0.0
bowed,0.0,0.0
bower,0.0,0.0
bowers,0.0,0.0
bowl,0.0,0.0
boy,0.0,0.0
boys,0.0,0.0
brain,0.0,0.0
branch,0.0,0.0
branches,0.0,0.0
brand,0.0,0.0
bravely,0.0,0.0
bread,0.0,0.0
break,0.0,0.0
breaking,0.0,0.0
breaks,0.0,0.0
breast,0.0,0.0
breasts,0.0,0.0
breath,0.0,0.0
breathe,0.0,0.0
breathed,0.0,0.0
breathes,0.0,0.0
breathing,0.0,0.0
breathless,0.0,0.0
breeze,0.0,0.0
breezes,0.0,0.0
bride,0.0,0.0
bridge,0.0,0.0
brief,0.0,0.0
bright,0.0,0.0
brighter,0.0,0.0
brightest,0.0,0.0
brightness,0.0,0.0
brilliant,0.0,0.0
brim,0.0,0.0
bring,0.0,0.0
bringing,0.0,0.0
brings,0.0,0.0
brink,0.0,0.0
broke,0.0,0.0
broken,0.0,0.0
brood,0.0,0.0
brooding,0.0,0.0
brook,0.0,0.0
brooks,0.0,0.0
brother,0.0,0.0
brothers,0.0,0.0
brought,0.0,0.0
brow,0.0,0.0
brown,0.0,0.0
bud,0.0,0.0
budding,0.0,0.0
buds,0.0,0.0
build,0.0,0.0
built,0.0,0.0
burn,0.0,0.0
burned,0.0,0.0
burning,0.0,0.0
burst,0.0,0.0
bursting,0.0,0.0
bush,0.0,0.0
busy,0.0,0.0
but,0.0,0.0
by,0.0,0.0
call,0.0,0.0
called,0.0,0.0
calling,0.0,0.0
calls,0.0,0.0
calm,0.0,0.0
calmly,0.0,0.0
came,0.0,0.0
camp,0.0,0.0
can,0.0,0.0
can't,0.0,0.0
cannot,0.0,0.0
canst,0.0,0.0
captive,0.0,0.0
car,0.0,0.0
care,0.0,0.0
careless,0.0,0.0
cares,0.0,0.0
caress,0.0,0.0
carried,0.0,0.0
carry,0.0,0.0
carved,0.0,0.0
case,0.0,0.0
castle,0.0,0.0
catch,0.0,0.0
cattle,0.0,0.0
caught,0.0,0.0
cause,0.0,0.0
cave,0.0,0.0
caves,0.0,0.0
ceaseless,0.0,0.0
celestial,0.0,0.0
cell,0.0,0.0
centuries,0.0,0.0
certain,0.0,0.0
chain,0.0,0.0
chains,0.0,0.0
chair,0.0,0.0
chamber,0.0,0.0
changed,0.0,0.0
changes,0.0,0.0
changing,0.0,0.0
charge,0.0,0.0
charity,0.0,0.0
charm,0.0,0.0
charmed,0.0,0.0
charms,0.0,0.0
chase,0.0,0.0
check,0.0,0.0
cheek,0.0,0.0
cheeks,0.0,0.0
cheer,0.0,0.0
cheered,0.0,0.0
cheers,0.0,0.0
cherish,0.0,0.0
chief,0.0,0.0
child,0.0,0.0
childhood,0.0,0.0
childish,0.0,0.0
children,0.0,0.0
chill,0.0,0.0
chime,0.0,0.0
choice,0.0,0.0
choir,0.0,0.0
choose,0.0,0.0
chords,0.0,0.0
chorus,0.0,0.0
chose,0.0,0.0
chosen,0.0,0.0
christ,0.0,0.0
christian,0.0,0.0
christmas,0.0,0.0
church,0.0,0.0
circle,0.0,0.0
circling,0.0,0.0
city,0.0,0.0
clad,0.0,0.0
claim,0.0,0.0
claimed,0.0,0.0
claims,0.0,0.0
clay,0.0,0.0
clean,0.0,0.0
clear,0.0,0.0
cliff,0.0,0.0
cliffs,0.0,0.0
climb,0.0,0.0
climbed,0.0,0.0
cling,0.0,0.0
clinging,0.0,0.0
clings,0.0,0.0
cloak,0.0,0.0
clock,0.0,0.0
close,0.0,0.0
closed,0.0,0.0
closely,0.0,0.0
closer,0.0,0.0
closing,0.0,0.0
clothed,0.0,0.0
clothes,0.0,0.0
cloud,0.0,0.0
cloudless,0.0,0.0
clouds,0.0,0.0
cloudy,0.0,0.0
clung,0.0,0.0
coast,0.0,0.0
colour,0.0,0.0
coloured,0.0,0.0
colours,0.0,0.0
come,0.0,0.0
comes,0.0,0.0
cometh,0.0,0.0
comfort,0.0,0.0
common,0.0,0.0
company,0.0,0.0
comrades,0.0,0.0
concealed,0.0,0.0
confess,0.0,0.0
conquer,0.0,0.0
conquered,0.0,0.0
conscience,0.0,0.0
conscious,0.0,0.0
constant,0.0,0.0
content,0.0,0.0
control,0.0,0.0
converse,0.0,0.0
cool,0.0,0.0
core,0.0,0.0
corn,0.0,0.0
corpse,0.0,0.0
cot,0.0,0.0
cottage,0.0,0.0
couch,0.0,0.0
could,0.0,0.0
counsel,0.0,0.0
countless,0.0,0.0
country,0.0,0.0
courage,0.0,0.0
course,0.0,0.0
court,0.0,0.0
courts,0.0,0.0
cover,0.0,0.0
covered,0.0,0.0
coward,0.0,0.0
cradle,0.0,0.0
craft,0.0,0.0
crash,0.0,0.0
crave,0.0,0.0
creation,0.0,0.0
creatures,0.0,0.0
creed,0.0,0.0
creep,0.0,0.0
creeping,0.0,0.0
crept,0.0,0.0
crest,0.0,0.0
crew,0.0,0.0
cries,0.0,0.0
crime,0.0,0.0
crimson,0.0,0.0
cross,0.0,0.0
crossed,0.0,0.0
crowd,0.0,0.0
crowded,0.0,0.0
crowds,0.0,0.0
crowned,0.0,0.0
crowns,0.0,0.0
cruel,0.0,0.0
crush,0.0,0.0
crushed,0.0,0.0
cry,0.0,0.0
crying,0.0,0.0
cunning,0.0,0.0
cup,0.0,0.0
cups,0.0,0.0
cure,0.0,0.0
curious,0.0,0.0
curled,0.0,0.0
current,0.0,0.0
curse,0.0,0.0
cursed,0.0,0.0
curtain,0.0,0.0
cut,0.0,0.0
daily,0.0,0.0
dainty,0.0,0.0
dame,0.0,0.0
damp,0.0,0.0
dance,0.0,0.0
dancing,0.0,0.0
danger,0.0,0.0
dare,0.0,0.0
dares,0.0,0.0
daring,0.0,0.0
darkened,0.0,0.0
darkening,0.0,0.0
darker,0.0,0.0
darkest,0.0,0.0
darkness,0.0,0.0
darling,0.0,0.0
dart,0.0,0.0
dash,0.0,0.0
daughter,0.0,0.0
dawn,0.0,0.0
dawning,0.0,0.0
day,0.0,0.0
daylight,0.0,0.0
days,0.0,0.0
dazzling,0.0,0.0
de,0.0,0.0
dead,0.0,0.0
deadly,0.0,0.0
deaf,0.0,0.0
dear,0.0,0.0
dearer,0.0,0.0
dearest,0.0,0.0
deathless,0.0,0.0
decay,0.0,0.0
deck,0.0,0.0
decked,0.0,0.0
declare,0.0,0.0
deed,0.0,0.0
deeds,0.0,0.0
deem,0.0,0.0
deemed,0.0,0.0
deep,0.0,0.0
deeper,0.0,0.0
deepest,0.0,0.0
deeply,0.0,0.0
deer,0.0,0.0
delay,0.0,0.0
delicate,0.0,0.0
delight,0.0,0.0
delights,0.0,0.0
dell,0.0,0.0
demon,0.0,0.0
den,0.0,0.0
denied,0.0,0.0
deny,0.0,0.0
depart,0.0,0.0
departed,0.0,0.0
depth,0.0,0.0
depths,0.0,0.0
descend,0.0,0.0
descending,0.0,0.0
desert,0.0,0.0
deserted,0.0,0.0
desire,0.0,0.0
desires,0.0,0.0
desolate,0.0,0.0
desolation,0.0,0.0
despair,0.0,0.0
despite,0.0,0.0
destiny,0.0,0.0
destroy,0.0,0.0
devil,0.0,0.0
devotion,0.0,0.0
dew,0.0,0.0
dewy,0.0,0.0
diamond,0.0,0.0
didst,0.0,0.0
die,0.0,0.0
died,0.0,0.0
dies,0.0,0.0
dimly,0.0,0.0
dimmed,0.0,0.0
din,0.0,0.0
dire,0.0,0.0
dirge,0.0,0.0
disdain,0.0,0.0
disease,0.0,0.0
dismal,0.0,0.0
distance,0.0,0.0
distant,0.0,0.0
distress,0.0,0.0
divide,0.0,0.0
divine,0.0,0.0
do,0.0,0.0
dog,0.0,0.0
doing,0.0,0.0
dome,0.0,0.0
done,0.0,0.0
doomed,0.0,0.0
door,0.0,0.0
doors,0.0,0.0
doth,0.0,0.0
double,0.0,0.0
doubt,0.0,0.0
doubts,0.0,0.0
dove,0.0,0.0
dower,0.0,0.0
down,0.0,0.0
downward,0.0,0.0
drank,0.0,0.0
draught,0.0,0.0
drawing,0.0,0.0
drawn,0.0,0.0
draws,0.0,0.0
dreadful,0.0,0.0
dream,0.0,0.0
dreamed,0.0,0.0
dreaming,0.0,0.0
dreams,0.0,0.0
dreamy,0.0,0.0
drear,0.0,0.0
dreary,0.0,0.0
dress,0.0,0.0
dressed,0.0,0.0
drew,0.0,0.0
drift,0.0,0.0
drifting,0.0,0.0
drink,0.0,0.0
dripping,0.0,0.0
drive,0.0,0.0
driven,0.0,0.0
drives,0.0,0.0
droop,0.0,0.0
drooping,0.0,0.0
drop,0.0,0.0
dropped,0.0,0.0
dropping,0.0,0.0
drove,0.0,0.0
drown,0.0,0.0
drowned,0.0,0.0
dry,0.0,0.0
due,0.0,0.0
dull,0.0,0.0
dumb,0.0,0.0
dusk,0.0,0.0
dusky,0.0,0.0
dust,0.0,0.0
dusty,0.0,0.0
duty,0.0,0.0
dwell,0.0,0.0
dwelled,0.0,0.0
dwelling,0.0,0.0
dwells,0.0,0.0
dying,0.0,0.0
e,0.0,0.0
each,0.0,0.0
eager,0.0,0.0
eagle,0.0,0.0
ear,0.0,0.0
earliest,0.0,0.0
early,0.0,0.0
earnest,0.0,0.0
ears,0.0,0.0
earth,0.0,0.0
ease,0.0,0.0
east,0.0,0.0
eastern,0.0,0.0
easy,0.0,0.0
eat,0.0,0.0
echo,0.0,0.0
echoed,0.0,0.0
echoes,0.0,0.0
echoing,0.0,0.0
ecstasy,0.0,0.0
eden,0.0,0.0
edge,0.0,0.0
either,0.0,0.0
elder,0.0,0.0
else,0.0,0.0
embrace,0.0,0.0
emerald,0.0,0.0
empire,0.0,0.0
empty,0.0,0.0
enchanted,0.0,0.0
end,0.0,0.0
ended,0.0,0.0
ending,0.0,0.0
endless,0.0,0.0
ends,0.0,0.0
endure,0.0,0.0
england,0.0,0.0
english,0.0,0.0
enjoy,0.0,0.0
enter,0.0,0.0
entered,0.0,0.0
envy,0.0,0.0
ere,0.0,0.0
escape,0.0,0.0
estate,0.0,0.0
eternal,0.0,0.0
eternity,0.0,0.0
eve,0.0,0.0
even,0.0,0.0
ever,0.0,0.0
everlasting,0.0,0.0
every,0.0,0.0
except,0.0,0.0
exile,0.0,0.0
eye,0.0,0.0
eyed,0.0,0.0
eyelids,0.0,0.0
f,0.0,0.0
face,0.0,0.0
faces,0.0,0.0
fact,0.0,0.0
fade,0.0,0.0
faded,0.0,0.0
fades,0.0,0.0
fading,0.0,0.0
fail,0.0,0.0
failing,0.0,0.0
fails,0.0,0.0
fain,0.0,0.0
faint,0.0,0.0
faintly,0.0,0.0
fairest,0.0,0.0
fairy,0.0,0.0
faith,0.0,0.0
faithful,0.0,0.0
faithless,0.0,0.0
fall,0.0,0.0
falling,0.0,0.0
falls,0.0,0.0
false,0.0,0.0
fame,0.0,0.0
familiar,0.0,0.0
fan,0.0,0.0
fancy,0.0,0.0
far,0.0,0.0
fare,0.0,0.0
farewell,0.0,0.0
farther,0.0,0.0
fashion,0.0,0.0
fashioned,0.0,0.0
fast,0.0,0.0
fatal,0.0,0.0
fate,0.0,0.0
father,0.0,0.0
fathers,0.0,0.0
fault,0.0,0.0
favour,0.0,0.0
fear,0.0,0.0
feared,0.0,0.0
fearful,0.0,0.0
fears,0.0,0.0
feast,0.0,0.0
features,0.0,0.0
fed,0.0,0.0
feeble,0.0,0.0
feed,0.0,0.0
feel,0.0,0.0
feeling,0.0,0.0
feelings,0.0,0.0
feet,0.0,0.0
fell,0.0,0.0
fellow,0.0,0.0
felt,0.0,0.0
fever,0.0,0.0
few,0.0,0.0
field,0.0,0.0
fields,0.0,0.0
fierce,0.0,0.0
fiercely,0.0,0.0
fiery,0.0,0.0
fight,0.0,0.0
figure,0.0,0.0
fill,0.0,0.0
filled,0.0,0.0
filling,0.0,0.0
fills,0.0,0.0
final,0.0,0.0
find,0.0,0.0
finds,0.0,0.0
fine,0.0,0.0
finger,0.0,0.0
finished,0.0,0.0
fire,0.0,0.0
fires,0.0,0.0
first,0.0,0.0
fish,0.0,0.0
fit,0.0,0.0
fitful,0.0,0.0
five,0.0,0.0
flag,0.0,0.0
flames,0.0,0.0
flaming,0.0,0.0
flash,0.0,0.0
flashed,0.0,0.0
flashes,0.0,0.0
flashing,0.0,0.0
fled,0.0,0.0
flee,0.0,0.0
fleeting,0.0,0.0
flesh,0.0,0.0
flew,0.0,0.0
flies,0.0,0.0
flight,0.0,0.0
fling,0.0,0.0
flit,0.0,0.0
float,0.0,0.0
floated,0.0,0.0
floating,0.0,0.0
floats,0.0,0.0
flocks,0.0,0.0
flood,0.0,0.0
floods,0.0,0.0
floor,0.0,0.0
flowed,0.0,0.0
flower,0.0,0.0
flowery,0.0,0.0
flowing,0.0,0.0
flown,0.0,0.0
flung,0.0,0.0
flush,0.0,0.0
flushed,0.0,0.0
fluttering,0.0,0.0
fly,0.0,0.0
flying,0.0,0.0
foaming,0.0,0.0
foe,0.0,0.0
foes,0.0,0.0
fold,0.0,0.0
folded,0.0,0.0
folk,0.0,0.0
follow,0.0,0.0
followed,0.0,0.0
folly,0.0,0.0
fond,0.0,0.0
fondly,0.0,0.0
food,0.0,0.0
foolish,0.0,0.0
fools,0.0,0.0
foot,0.0,0.0
footsteps,0.0,0.0
for,0.0,0.0
forced,0.0,0.0
forehead,0.0,0.0
foreign,0.0,0.0
forest,0.0,0.0
forests,0.0,0.0
forever,0.0,0.0
forget,0.0,0.0
forgive,0.0,0.0
forgot,0.0,0.0
forgotten,0.0,0.0
forlorn,0.0,0.0
form,0.0,0.0
formed,0.0,0.0
former,0.0,0.0
forms,0.0,0.0
forsaken,0.0,0.0
forth,0.0,0.0
fortune,0.0,0.0
fought,0.0,0.0
foul,0.0,0.0
found,0.0,0.0
fount,0.0,0.0
fountains,0.0,0.0
fragrant,0.0,0.0
frail,0.0,0.0
frame,0.0,0.0
france,0.0,0.0
fraught,0.0,0.0
free,0.0,0.0
freed,0.0,0.0
freedom,0.0,0.0
freely,0.0,0.0
freshness,0.0,0.0
fret,0.0,0.0
friend,0.0,0.0
friendly,0.0,0.0
friendship,0.0,0.0
fro,0.0,0.0
from,0.0,0.0
front,0.0,0.0
frost,0.0,0.0
frown,0.0,0.0
frozen,0.0,0.0
fruits,0.0,0.0
fulfil,0.0,0.0
funeral,0.0,0.0
further,0.0,0.0
fury,0.0,0.0
future,0.0,0.0
g,0.0,0.0
gaily,0.0,0.0
gain,0.0,0.0
gains,0.0,0.0
gainst,0.0,0.0
gale,0.0,0.0
gallant,0.0,0.0
game,0.0,0.0
garden,0.0,0.0
gardens,0.0,0.0
garment,0.0,0.0
garments,0.0,0.0
gate,0.0,0.0
gates,0.0,0.0
gather,0.0,0.0
gathered,0.0,0.0
gathering,0.0,0.0
gathers,0.0,0.0
gaunt,0.0,0.0
gay,0.0,0.0
gaze,0.0,0.0
gazing,0.0,0.0
gem,0.0,0.0
gems,0.0,0.0
general,0.0,0.0
generous,0.0,0.0
genial,0.0,0.0
genius,0.0,0.0
gentle,0.0,0.0
gently,0.0,0.0
get,0.0,0.0
ghastly,0.0,0.0
ghostly,0.0,0.0
giant,0.0,0.0
gift,0.0,0.0
gifts,0.0,0.0
gilded,0.0,0.0
girl,0.0,0.0
girls,0.0,0.0
girt,0.0,0.0
give,0.0,0.0
given,0.0,0.0
gives,0.0,0.0
giving,0.0,0.0
glad,0.0,0.0
gladly,0.0,0.0
gladness,0.0,0.0
glance,0.0,0.0
glances,0.0,0.0
glancing,0.0,0.0
glare,0.0,0.0
glass,0.0,0.0
gleam,0.0,0.0
gleamed,0.0,0.0
gleaming,0.0,0.0
gleams,0.0,0.0
glee,0.0,0.0
glen,0.0,0.0
glide,0.0,0.0
glides,0.0,0.0
gliding,0.0,0.0
glimmering,0.0,0.0
glimpse,0.0,0.0
glistening,0.0,0.0
glittering,0.0,0.0
gloom,0.0,0.0
glories,0.0,0.0
glorious,0.0,0.0
glory,0.0,0.0
glow,0.0,0.0
glowed,0.0,0.0
glowing,0.0,0.0
glows,0.0,0.0
go,0.0,0.0
god,0.0,0.0
goddess,0.0,0.0
godlike,0.0,0.0
gods,0.0,0.0
going,0.0,0.0
gold,0.0,0.0
golden,0.0,0.0
gone,0.0,0.0
good,0.0,0.0
goodly,0.0,0.0
goodness,0.0,0.0
gorgeous,0.0,0.0
got,0.0,0.0
gown,0.0,0.0
grace,0.0,0.0
graceful,0.0,0.0
graces,0.0,0.0
gracious,0.0,0.0
grain,0.0,0.0
grand,0.0,0.0
grandeur,0.0,0.0
grant,0.0,0.0
grasp,0.0,0.0
grass,0.0,0.0
grasses,0.0,0.0
grassy,0.0,0.0
grateful,0.0,0.0
gratitude,0.0,0.0
grave,0.0,0.0
great,0.0,0.0
greater,0.0,0.0
greatest,0.0,0.0
greek,0.0,0.0
green,0.0,0.0
greeting,0.0,0.0
grew,0.0,0.0
grey,0.0,0.0
grief,0.0,0.0
griefs,0.0,0.0
grieve,0.0,0.0
grim,0.0,0.0
groans,0.0,0.0
groves,0.0,0.0
grow,0.0,0.0
growing,0.0,0.0
grows,0.0,0.0
growth,0.0,0.0
guard,0.0,0.0
guarded,0.0,0.0
guardian,0.0,0.0
guess,0.0,0.0
guide,0.0,0.0
guilt,0.0,0.0
guilty,0.0,0.0
guise,0.0,0.0
h,0.0,0.0
had,0.0,0.0
hadst,0.0,0.0
hail,0.0,0.0
hailed,0.0,0.0
hair,0.0,0.0
haired,0.0,0.0
half,0.0,0.0
hall,0.0,0.0
hallowed,0.0,0.0
halls,0.0,0.0
hand,0.0,0.0
hands,0.0,0.0
hang,0.0,0.0
hanging,0.0,0.0
hangs,0.0,0.0
haply,0.0,0.0
happiness,0.0,0.0
happy,0.0,0.0
hard,0.0,0.0
hardly,0.0,0.0
hark,0.0,0.0
harm,0.0,0.0
harmony,0.0,0.0
harp,0.0,0.0
harvest,0.0,0.0
hast,0.0,0.0
haste,0.0,0.0
hasten,0.0,0.0
hat,0.0,0.0
hate,0.0,0.0
hath,0.0,0.0
haughty,0.0,0.0
haunted,0.0,0.0
haunts,0.0,0.0
have,0.0,0.0
having,0.0,0.0
haze,0.0,0.0
he,0.0,0.0
he's,0.0,0.0
head,0.0,0.0
heads,0.0,0.0
heal,0.0,0.0
healing,0.0,0.0
health,0.0,0.0
heap,0.0,0.0
hear,0.0,0.0
heard,0.0,0.0
hears,0.0,0.0
heart,0.0,0.0
hearted,0.0,0.0
hearth,0.0,0.0
hearts,0.0,0.0
heat,0.0,0.0
heaven,0.0,0.0
heavenly,0.0,0.0
heavens,0.0,0.0
heaving,0.0,0.0
heedless,0.0,0.0
height,0.0,0.0
heights,0.0,0.0
heir,0.0,0.0
held,0.0,0.0
hell,0.0,0.0
helm,0.0,0.0
help,0.0,0.0
helpless,0.0,0.0
hence,0.0,0.0
henceforth,0.0,0.0
here,0.0,0.0
hero,0.0,0.0
heroes,0.0,0.0
heroic,0.0,0.0
hid,0.0,0.0
hidden,0.0,0.0
hide,0.0,0.0
hides,0.0,0.0
hiding,0.0,0.0
high,0.0,0.0
higher,0.0,0.0
highest,0.0,0.0
hill,0.0,0.0
hills,0.0,0.0
him,0.0,0.0
himself,0.0,0.0
his,0.0,0.0
history,0.0,0.0
ho,0.0,0.0
hoarse,0.0,0.0
hold,0.0,0.0
holding,0.0,0.0
holds,0.0,0.0
hollow,0.0,0.0
holy,0.0,0.0
homage,0.0,0.0
home,0.0,0.0
homes,0.0,0.0
honest,0.0,0.0
honey,0.0,0.0
honour,0.0,0.0
honoured,0.0,0.0
honours,0.0,0.0
hope,0.0,0.0
hoped,0.0,0.0
hopes,0.0,0.0
horizon,0.0,0.0
horn,0.0,0.0
horror,0.0,0.0
horse,0.0,0.0
horses,0.0,0.0
host,0.0,0.0
hosts,0.0,0.0
hot,0.0,0.0
hour,0.0,0.0
hours,0.0,0.0
house,0.0,0.0
however,0.0,0.0
hue,0.0,0.0
hues,0.0,0.0
humble,0.0,0.0
hundred,0.0,0.0
hung,0.0,0.0
hunger,0.0,0.0
hungry,0.0,0.0
hurled,0.0,0.0
hurried,0.0,0.0
hush,0.0,0.0
hushed,0.0,0.0
hymn,0.0,0.0
i,0.0,0.0
i'd,0.0,0.0
i'm,0.0,0.0
i've,0.0,0.0
ice,0.0,0.0
icy,0.0,0.0
idle,0.0,0.0
idly,0.0,0.0
idol,0.0,0.0
if,0.0,0.0
ill,0.0,0.0
image,0.0,0.0
immortal,0.0,0.0
immortality,0.0,0.0
impart,0.0,0.0
impatient,0.0,0.0
impulse,0.0,0.0
in,0.0,0.0
incense,0.0,0.0
indeed,0.0,0.0
indian,0.0,0.0
infant,0.0,0.0
infinite,0.0,0.0
influence,0.0,0.0
inmost,0.0,0.0
inner,0.0,0.0
innocent,0.0,0.0
inspired,0.0,0.0
instant,0.0,0.0
instead,0.0,0.0
intense,0.0,0.0
intent,0.0,0.0
into,0.0,0.0
invisible,0.0,0.0
iron,0.0,0.0
is,0.0,0.0
island,0.0,0.0
isle,0.0,0.0
isles,0.0,0.0
it,0.0,0.0
it's,0.0,0.0
its,0.0,0.0
itself,0.0,0.0
ivy,0.0,0.0
j,0.0,0.0
jest,0.0,0.0
jesus,0.0,0.0
jewel,0.0,0.0
jewelled,0.0,0.0
jewels,0.0,0.0
join,0.0,0.0
joined,0.0,0.0
journey,0.0,0.0
joy,0.0,0.0
joyful,0.0,0.0
joyous,0.0,0.0
joys,0.0,0.0
judge,0.0,0.0
judgement,0.0,0.0
june,0.0,0.0
just,0.0,0.0
justice,0.0,0.0
k,0.0,0.0
keep,0.0,0.0
keeping,0.0,0.0
keeps,0.0,0.0
ken,0.0,0.0
kept,0.0,0.0
key,0.0,0.0
kill,0.0,0.0
kindled,0.0,0.0
kindly,0.0,0.0
kindness,0.0,0.0
kindred,0.0,0.0
king,0.0,0.0
kingdom,0.0,0.0
kingly,0.0,0.0
kings,0.0,0.0
kiss,0.0,0.0
kissed,0.0,0.0
kisses,0.0,0.0
knee,0.0,0.0
kneeling,0.0,0.0
knees,0.0,0.0
knell,0.0,0.0
knife,0.0,0.0
knight,0.0,0.0
know,0.0,0.0
knowing,0.0,0.0
knowledge,0.0,0.0
known,0.0,0.0
knows,0.0,0.0
labour,0.0,0.0
labours,0.0,0.0
lack,0.0,0.0
lad,0.0,0.0
laden,0.0,0.0
ladies,0.0,0.0
lady,0.0,0.0
laid,0.0,0.0
lain,0.0,0.0
lair,0.0,0.0
lake,0.0,0.0
lamb,0.0,0.0
lamp,0.0,0.0
lamps,0.0,0.0
land,0.0,0.0
lands,0.0,0.0
landscape,0.0,0.0
lane,0.0,0.0
language,0.0,0.0
languid,0.0,0.0
lap,0.0,0.0
large,0.0,0.0
lark,0.0,0.0
last,0.0,0.0
late,0.0,0.0
later,0.0,0.0
latest,0.0,0.0
laugh,0.0,0.0
laughed,0.0,0.0
laughing,0.0,0.0
laughs,0.0,0.0
laurel,0.0,0.0
lawn,0.0,0.0
lay,0.0,0.0
lays,0.0,0.0
lead,0.0,0.0
leader,0.0,0.0
leading,0.0,0.0
leads,0.0,0.0
leafy,0.0,0.0
lean,0.0,0.0
leaned,0.0,0.0
leaning,0.0,0.0
leap,0.0,0.0
leaping,0.0,0.0
leaps,0.0,0.0
leapt,0.0,0.0
learn,0.0,0.0
learning,0.0,0.0
least,0.0,0.0
leaves,0.0,0.0
leaving,0.0,0.0
left,0.0,0.0
legend,0.0,0.0
lend,0.0,0.0
length,0.0,0.0
lent,0.0,0.0
less,0.0,0.0
lesson,0.0,0.0
let,0.0,0.0
letter,0.0,0.0
letters,0.0,0.0
level,0.0,0.0
liberty,0.0,0.0
lies,0.0,0.0
life,0.0,0.0
lift,0.0,0.0
lifted,0.0,0.0
lifts,0.0,0.0
light,0.0,0.0
lighted,0.0,0.0
lightly,0.0,0.0
lightning,0.0,0.0
lightnings,0.0,0.0
lights,0.0,0.0
lilies,0.0,0.0
lily,0.0,0.0
limbs,0.0,0.0
line,0.0,0.0
lines,0.0,0.0
lingered,0.0,0.0
lingers,0.0,0.0
linked,0.0,0.0
lion,0.0,0.0
lip,0.0,0.0
lips,0.0,0.0
list,0.0,0.0
listen,0.0,0.0
listened,0.0,0.0
listening,0.0,0.0
little,0.0,0.0
live,0.0,0.0
lived,0.0,0.0
lives,0.0,0.0
living,0.0,0.0
lo,0.0,0.0
load,0.0,0.0
locked,0.0,0.0
locks,0.0,0.0
lofty,0.0,0.0
london,0.0,0.0
lone,0.0,0.0
loneliness,0.0,0.0
lonely,0.0,0.0
long,0.0,0.0
longing,0.0,0.0
look,0.0,0.0
looked,0.0,0.0
looking,0.0,0.0
loom,0.0,0.0
loose,0.0,0.0
lord,0.0,0.0
lords,0.0,0.0
lore,0.0,0.0
lose,0.0,0.0
loss,0.0,0.0
lost,0.0,0.0
loud,0.0,0.0
louder,0.0,0.0
love,0.0,0.0
loved,0.0,0.0
lovelier,0.0,0.0
lovely,0.0,0.0
lover,0.0,0.0
loves,0.0,0.0
low,0.0,0.0
lower,0.0,0.0
lowly,0.0,0.0
loyal,0.0,0.0
lure,0.0,0.0
lustre,0.0,0.0
lute,0.0,0.0
m,0.0,0.0
mad,0.0,0.0
made,0.0,0.0
madness,0.0,0.0
magic,0.0,0.0
maid,0.0,0.0
maiden,0.0,0.0
maidens,0.0,0.0
maids,0.0,0.0
main,0.0,0.0
majestic,0.0,0.0
majesty,0.0,0.0
make,0.0,0.0
maker,0.0,0.0
makes,0.0,0.0
making,0.0,0.0
man,0.0,0.0
manhood,0.0,0.0
mankind,0.0,0.0
manly,0.0,0.0
mantle,0.0,0.0
many,0.0,0.0
mar,0.0,0.0
marble,0.0,0.0
march,0.0,0.0
mark,0.0,0.0
marked,0.0,0.0
marks,0.0,0.0
marriage,0.0,0.0
martyr,0.0,0.0
marvel,0.0,0.0
mary,0.0,0.0
mass,0.0,0.0
master,0.0,0.0
mate,0.0,0.0
matter,0.0,0.0
may,0.0,0.0
maze,0.0,0.0
me,0.0,0.0
meadow,0.0,0.0
meadows,0.0,0.0
mean,0.0,0.0
meaning,0.0,0.0
means,0.0,0.0
meant,0.0,0.0
measured,0.0,0.0
meek,0.0,0.0
meet,0.0,0.0
meeting,0.0,0.0
meets,0.0,0.0
melancholy,0.0,0.0
mellow,0.0,0.0
melodious,0.0,0.0
melody,0.0,0.0
melt,0.0,0.0
melting,0.0,0.0
memories,0.0,0.0
memory,0.0,0.0
men,0.0,0.0
mercy,0.0,0.0
mere,0.0,0.0
message,0.0,0.0
met,0.0,0.0
methinks,0.0,0.0
mid,0.0,0.0
midnight,0.0,0.0
midst,0.0,0.0
mien,0.0,0.0
mighty,0.0,0.0
mild,0.0,0.0
mile,0.0,0.0
miles,0.0,0.0
milk,0.0,0.0
million,0.0,0.0
millions,0.0,0.0
mind,0.0,0.0
minds,0.0,0.0
mine,0.0,0.0
mingling,0.0,0.0
minstrel,0.0,0.0
mirror,0.0,0.0
misery,0.0,0.0
missed,0.0,0.0
mist,0.0,0.0
mistress,0.0,0.0
mists,0.0,0.0
misty,0.0,0.0
mixed,0.0,0.0
mocked,0.0,0.0
mocking,0.0,0.0
modest,0.0,0.0
moment,0.0,0.0
monarch,0.0,0.0
money,0.0,0.0
monster,0.0,0.0
month,0.0,0.0
months,0.0,0.0
mood,0.0,0.0
moon,0.0,0.0
moonlight,0.0,0.0
moral,0.0,0.0
more,0.0,0.0
morn,0.0,0.0
morrow,0.0,0.0
mortal,0.0,0.0
mortals,0.0,0.0
moss,0.0,0.0
mossy,0.0,0.0
mother,0.0,0.0
motion,0.0,0.0
mould,0.0,0.0
mound,0.0,0.0
mount,0.0,0.0
mountain,0.0,0.0
mountains,0.0,0.0
mourn,0.0,0.0
mourned,0.0,0.0
mournful,0.0,0.0
mourning,0.0,0.0
mouth,0.0,0.0
move,0.0,0.0
moved,0.0,0.0
moves,0.0,0.0
moving,0.0,0.0
much,0.0,0.0
multitude,0.0,0.0
murmur,0.0,0.0
murmured,0.0,0.0
murmuring,0.0,0.0
muse,0.0,0.0
music,0.0,0.0
musical,0.0,0.0
musing,0.0,0.0
must,0.0,0.0
mute,0.0,0.0
my,0.0,0.0
myriad,0.0,0.0
mysteries,0.0,0.0
mysterious,0.0,0.0
mystery,0.0,0.0
mystic,0.0,0.0
n,0.0,0.0
naked,0.0,0.0
name,0.0,0.0
named,0.0,0.0
names,0.0,0.0
narrow,0.0,0.0
nation,0.0,0.0
nations,0.0,0.0
natural,0.0,0.0
nay,0.0,0.0
near,0.0,0.0
nearer,0.0,0.0
neck,0.0,0.0
need,0.0,0.0
needed,0.0,0.0
needs,0.0,0.0
neighbour,0.0,0.0
neither,0.0,0.0
never,0.0,0.0
new,0.0,0.0
newborn,0.0,0.0
news,0.0,0.0
next,0.0,0.0
nigh,0.0,0.0
night,0.0,0.0
nightly,0.0,0.0
nine,0.0,0.0
no,0.0,0.0
nobler,0.0,0.0
noblest,0.0,0.0
nobly,0.0,0.0
nod,0.0,0.0
noise,0.0,0.0
noisy,0.0,0.0
none,0.0,0.0
nook,0.0,0.0
noon,0.0,0.0
noonday,0.0,0.0
nor,0.0,0.0
north,0.0,0.0
not,0.0,0.0
note,0.0,0.0
now,0.0,0.0
number,0.0,0.0
numbers,0.0,0.0
nurse,0.0,0.0
o,0.0,0.0
oak,0.0,0.0
obey,0.0,0.0
oblivion,0.0,0.0
ocean,0.0,0.0
odours,0.0,0.0
of,0.0,0.0
off,0.0,0.0
offer,0.0,0.0
often,0.0,0.0
oh,0.0,0.0
oil,0.0,0.0
old,0.0,0.0
on,0.0,0.0
once,0.0,0.0
one,0.0,0.0
ones,0.0,0.0
only,0.0,0.0
onward,0.0,0.0
open,0.0,0.0
opened,0.0,0.0
opening,0.0,0.0
opens,0.0,0.0
oppressed,0.0,0.0
or,0.0,0.0
orange,0.0,0.0
orb,0.0,0.0
orchard,0.0,0.0
order,0.0,0.0
other,0.0,0.0
others,0.0,0.0
ought,0.0,0.0
our,0.0,0.0
ours,0.0,0.0
ourselves,0.0,0.0
out,0.0,0.0
outside,0.0,0.0
outward,0.0,0.0
overhead,0.0,0.0
own,0.0,0.0
p,0.0,0.0
pace,0.0,0.0
pages,0.0,0.0
paid,0.0,0.0
pain,0.0,0.0
pains,0.0,0.0
paint,0.0,0.0
painted,0.0,0.0
pair,0.0,0.0
palace,0.0,0.0
palaces,0.0,0.0
pale,0.0,0.0
pall,0.0,0.0
pallid,0.0,0.0
palm,0.0,0.0
pangs,0.0,0.0
panting,0.0,0.0
paradise,0.0,0.0
pardon,0.0,0.0
parent,0.0,0.0
parents,0.0,0.0
parted,0.0,0.0
parts,0.0,0.0
pass,0.0,0.0
passed,0.0,0.0
passes,0.0,0.0
passing,0.0,0.0
passion,0.0,0.0
passionate,0.0,0.0
passions,0.0,0.0
past,0.0,0.0
path,0.0,0.0
paths,0.0,0.0
pathway,0.0,0.0
patience,0.0,0.0
pause,0.0,0.0
pay,0.0,0.0
peace,0.0,0.0
peaceful,0.0,0.0
peak,0.0,0.0
pearl,0.0,0.0
pearls,0.0,0.0
peasant,0.0,0.0
peer,0.0,0.0
pen,0.0,0.0
pensive,0.0,0.0
people,0.0,0.0
perchance,0.0,0.0
perfect,0.0,0.0
perfume,0.0,0.0
perhaps,0.0,0.0
perish,0.0,0.0
pictured,0.0,0.0
pictures,0.0,0.0
pierce,0.0,0.0
pierced,0.0,0.0
piercing,0.0,0.0
pile,0.0,0.0
piled,0.0,0.0
pilgrim,0.0,0.0
pillow,0.0,0.0
pine,0.0,0.0
pinions,0.0,0.0
pink,0.0,0.0
pious,0.0,0.0
pipe,0.0,0.0
piteous,0.0,0.0
pitying,0.0,0.0
place,0.0,0.0
placed,0.0,0.0
places,0.0,0.0
placid,0.0,0.0
plain,0.0,0.0
plant,0.0,0.0
planted,0.0,0.0
play,0.0,0.0
pleading,0.0,0.0
pleasant,0.0,0.0
please,0.0,0.0
pleasure,0.0,0.0
plenty,0.0,0.0
plough,0.0,0.0
pluck,0.0,0.0
plucked,0.0,0.0
plume,0.0,0.0
plunged,0.0,0.0
poems,0.0,0.0
poet,0.0,0.0
poets,0.0,0.0
point,0.0,0.0
pointed,0.0,0.0
points,0.0,0.0
poison,0.0,0.0
pole,0.0,0.0
pool,0.0,0.0
poor,0.0,0.0
port,0.0,0.0
portal,0.0,0.0
portals,0.0,0.0
portion,0.0,0.0
possess,0.0,0.0
possessed,0.0,0.0
poured,0.0,0.0
pours,0.0,0.0
poverty,0.0,0.0
powers,0.0,0.0
praise,0.0,0.0
praised,0.0,0.0
praises,0.0,0.0
pray,0.0,0.0
prayed,0.0,0.0
prayer,0.0,0.0
prayers,0.0,0.0
precious,0.0,0.0
prepare,0.0,0.0
prepared,0.0,0.0
press,0.0,0.0
pressed,0.0,0.0
pretty,0.0,0.0
prey,0.0,0.0
price,0.0,0.0
pride,0.0,0.0
priest,0.0,0.0
priests,0.0,0.0
prime,0.0,0.0
prince,0.0,0.0
prison,0.0,0.0
prize,0.0,0.0
proclaim,0.0,0.0
profound,0.0,0.0
promise,0.0,0.0
promised,0.0,0.0
proof,0.0,0.0
prophet,0.0,0.0
proud,0.0,0.0
proudly,0.0,0.0
prove,0.0,0.0
proved,0.0,0.0
public,0.0,0.0
pulse,0.0,0.0
purer,0.0,0.0
purity,0.0,0.0
purple,0.0,0.0
purpose,0.0,0.0
pursue,0.0,0.0
put,0.0,0.0
quaint,0.0,0.0
queen,0.0,0.0
quench,0.0,0.0
quenched,0.0,0.0
quest,0.0,0.0
question,0.0,0.0
quick,0.0,0.0
quickly,0.0,0.0
quiet,0.0,0.0
quite,0.0,0.0
quiver,0.0,0.0
quivering,0.0,0.0
r,0.0,0.0
race,0.0,0.0
radiance,0.0,0.0
radiant,0.0,0.0
rain,0.0,0.0
rains,0.0,0.0
raise,0.0,0.0
raised,0.0,0.0
ran,0.0,0.0
range,0.0,0.0
rank,0.0,0.0
ranks,0.0,0.0
rapid,0.0,0.0
rapt,0.0,0.0
rapture,0.0,0.0
rare,0.0,0.0
rather,0.0,0.0
ray,0.0,0.0
rays,0.0,0.0
reach,0.0,0.0
reached,0.0,0.0
read,0.0,0.0
reading,0.0,0.0
ready,0.0,0.0
real,0.0,0.0
realm,0.0,0.0
realms,0.0,0.0
reap,0.0,0.0
rear,0.0,0.0
reared,0.0,0.0
reason,0.0,0.0
recall,0.0,0.0
receive,0.0,0.0
received,0.0,0.0
reckless,0.0,0.0
record,0.0,0.0
reed,0.0,0.0
reflected,0.0,0.0
refrain,0.0,0.0
refuge,0.0,0.0
refuse,0.0,0.0
regal,0.0,0.0
regret,0.0,0.0
reign,0.0,0.0
reigns,0.0,0.0
rejoice,0.0,0.0
rejoicing,0.0,0.0
relief,0.0,0.0
remain,0.0,0.0
remember,0.0,0.0
remembrance,0.0,0.0
remote,0.0,0.0
renew,0.0,0.0
renown,0.0,0.0
rent,0.0,0.0
replied,0.0,0.0
reply,0.0,0.0
repose,0.0,0.0
rest,0.0,0.0
rested,0.0,0.0
resting,0.0,0.0
restless,0.0,0.0
restore,0.0,0.0
rests,0.0,0.0
retreat,0.0,0.0
return,0.0,0.0
returning,0.0,0.0
returns,0.0,0.0
revealed,0.0,0.0
reward,0.0,0.0
rhyme,0.0,0.0
rich,0.0,0.0
richer,0.0,0.0
riches,0.0,0.0
richest,0.0,0.0
ride,0.0,0.0
rides,0.0,0.0
right,0.0,0.0
righteous,0.0,0.0
rill,0.0,0.0
rills,0.0,0.0
rim,0.0,0.0
ring,0.0,0.0
rings,0.0,0.0
rippling,0.0,0.0
rise,0.0,0.0
risen,0.0,0.0
rises,0.0,0.0
rising,0.0,0.0
rival,0.0,0.0
riven,0.0,0.0
rivers,0.0,0.0
road,0.0,0.0
roam,0.0,0.0
roar,0.0,0.0
roaring,0.0,0.0
robe,0.0,0.0
robed,0.0,0.0
robes,0.0,0.0
rock,0.0,0.0
rocks,0.0,0.0
rocky,0.0,0.0
rod,0.0,0.0
rode,0.0,0.0
roll,0.0,0.0
rolled,0.0,0.0
rolling,0.0,0.0
roman,0.0,0.0
rome,0.0,0.0
roof,0.0,0.0
room,0.0,0.0
root,0.0,0.0
roots,0.0,0.0
roses,0.0,0.0
rough,0.0,0.0
rouse,0.0,0.0
roused,0.0,0.0
rout,0.0,0.0
row,0.0,0.0
royal,0.0,0.0
ruddy,0.0,0.0
rude,0.0,0.0
ruin,0.0,0.0
ruined,0.0,0.0
ruins,0.0,0.0
rule,0.0,0.0
ruled,0.0,0.0
rules,0.0,0.0
run,0.0,0.0
running,0.0,0.0
runs,0.0,0.0
rush,0.0,0.0
rushes,0.0,0.0
rushing,0.0,0.0
rustling,0.0,0.0
s,0.0,0.0
sabbath,0.0,0.0
sacrifice,0.0,0.0
sad,0.0,0.0
sadly,0.0,0.0
sadness,0.0,0.0
safe,0.0,0.0
sage,0.0,0.0
said,0.0,0.0
sail,0.0,0.0
sailed,0.0,0.0
sailing,0.0,0.0
sails,0.0,0.0
saint,0.0,0.0
saints,0.0,0.0
saith,0.0,0.0
salt,0.0,0.0
same,0.0,0.0
sands,0.0,0.0
sang,0.0,0.0
sank,0.0,0.0
sat,0.0,0.0
savage,0.0,0.0
save,0.0,0.0
saw,0.0,0.0
say,0.0,0.0
saying,0.0,0.0
scan,0.0,0.0
scarcely,0.0,0.0
scarlet,0.0,0.0
scatter,0.0,0.0
scene,0.0,0.0
scenes,0.0,0.0
scented,0.0,0.0
sceptre,0.0,0.0
school,0.0,0.0
science,0.0,0.0
score,0.0,0.0
scroll,0.0,0.0
sea,0.0,0.0
seal,0.0,0.0
search,0.0,0.0
seas,0.0,0.0
seat,0.0,0.0
second,0.0,0.0
secret,0.0,0.0
secure,0.0,0.0
see,0.0,0.0
seed,0.0,0.0
seeds,0.0,0.0
seeing,0.0,0.0
seek,0.0,0.0
seeking,0.0,0.0
seeks,0.0,0.0
seem,0.0,0.0
seemed,0.0,0.0
seeming,0.0,0.0
seems,0.0,0.0
seen,0.0,0.0
sees,0.0,0.0
seize,0.0,0.0
seized,0.0,0.0
selfish,0.0,0.0
sends,0.0,0.0
senses,0.0,0.0
sent,0.0,0.0
serene,0.0,0.0
serpent,0.0,0.0
servant,0.0,0.0
serve,0.0,0.0
service,0.0,0.0
set,0.0,0.0
sets,0.0,0.0
setting,0.0,0.0
shade,0.0,0.0
shades,0.0,0.0
shadow,0.0,0.0
shadows,0.0,0.0
shadowy,0.0,0.0
shady,0.0,0.0
shaken,0.0,0.0
shall,0.0,0.0
shalt,0.0,0.0
shame,0.0,0.0
shape,0.0,0.0
shapes,0.0,0.0
share,0.0,0.0
shared,0.0,0.0
sharp,0.0,0.0
shed,0.0,0.0
sheen,0.0,0.0
sheep,0.0,0.0
shell,0.0,0.0
shelter,0.0,0.0
shield,0.0,0.0
shine,0.0,0.0
shines,0.0,0.0
shining,0.0,0.0
ship,0.0,0.0
ships,0.0,0.0
shivering,0.0,0.0
shone,0.0,0.0
shook,0.0,0.0
shore,0.0,0.0
shores,0.0,0.0
short,0.0,0.0
should,0.0,0.0
shoulder,0.0,0.0
shoulders,0.0,0.0
shout,0.0,0.0
shouts,0.0,0.0
show,0.0,0.0
showed,0.0,0.0
showers,0.0,0.0
shown,0.0,0.0
shows,0.0,0.0
shriek,0.0,0.0
shrill,0.0,0.0
shrine,0.0,0.0
shrink,0.0,0.0
shroud,0.0,0.0
shuddering,0.0,0.0
shun,0.0,0.0
shy,0.0,0.0
sick,0.0,0.0
side,0.0,0.0
sides,0.0,0.0
sigh,0.0,0.0
sighed,0.0,0.0
sighing,0.0,0.0
sighs,0.0,0.0
sight,0.0,0.0
sights,0.0,0.0
signal,0.0,0.0
signs,0.0,0.0
silence,0.0,0.0
silent,0.0,0.0
silently,0.0,0.0
silken,0.0,0.0
silver,0.0,0.0
silvery,0.0,0.0
simple,0.0,0.0
sin,0.0,0.0
sing,0.0,0.0
singing,0.0,0.0
single,0.0,0.0
sings,0.0,0.0
sink,0.0,0.0
sinking,0.0,0.0
sinks,0.0,0.0
sins,0.0,0.0
sir,0.0,0.0
sire,0.0,0.0
sister,0.0,0.0
sisters,0.0,0.0
sit,0.0,0.0
sits,0.0,0.0
skies,0.0,0.0
skill,0.0,0.0
skin,0.0,0.0
sky,0.0,0.0
slain,0.0,0.0
slave,0.0,0.0
slaves,0.0,0.0
slay,0.0,0.0
sleep,0.0,0.0
sleeping,0.0,0.0
sleeps,0.0,0.0
slender,0.0,0.0
slept,0.0,0.0
slight,0.0,0.0
slope,0.0,0.0
slumber,0.0,0.0
slumbering,0.0,0.0
slumbers,0.0,0.0
small,0.0,0.0
smart,0.0,0.0
smell,0.0,0.0
smile,0.0,0.0
smiled,0.0,0.0
smiles,0.0,0.0
smiling,0.0,0.0
smote,0.0,0.0
snare,0.0,0.0
snow,0.0,0.0
snows,0.0,0.0
snowy,0.0,0.0
so,0.0,0.0
soar,0.0,0.0
soaring,0.0,0.0
sod,0.0,0.0
soft,0.0,0.0
softer,0.0,0.0
softly,0.0,0.0
soil,0.0,0.0
solace,0.0,0.0
sold,0.0,0.0
soldier,0.0,0.0
soldiers,0.0,0.0
sole,0.0,0.0
solemn,0.0,0.0
solitary,0.0,0.0
solitude,0.0,0.0
sombre,0.0,0.0
some,0.0,0.0
something,0.0,0.0
sometimes,0.0,0.0
somewhere,0.0,0.0
song,0.0,0.0
songs,0.0,0.0
soon,0.0,0.0
soothe,0.0,0.0
soothing,0.0,0.0
sore,0.0,0.0
sorrow,0.0,0.0
sorrowing,0.0,0.0
sorrows,0.0,0.0
sought,0.0,0.0
soul,0.0,0.0
souls,0.0,0.0
sound,0.0,0.0
sounding,0.0,0.0
sounds,0.0,0.0
source,0.0,0.0
south,0.0,0.0
southern,0.0,0.0
sovereign,0.0,0.0
sown,0.0,0.0
span,0.0,0.0
spare,0.0,0.0
spared,0.0,0.0
spark,0.0,0.0
sparkling,0.0,0.0
speak,0.0,0.0
speaking,0.0,0.0
speaks,0.0,0.0
spear,0.0,0.0
speech,0.0,0.0
spell,0.0,0.0
spend,0.0,0.0
sphere,0.0,0.0
spheres,0.0,0.0
spire,0.0,0.0
spirit,0.0,0.0
spirits,0.0,0.0
spite,0.0,0.0
splendid,0.0,0.0
splendour,0.0,0.0
splendours,0.0,0.0
spoil,0.0,0.0
spoken,0.0,0.0
sport,0.0,0.0
spot,0.0,0.0
spotless,0.0,0.0
sprang,0.0,0.0
spray,0.0,0.0
spread,0.0,0.0
spreads,0.0,0.0
spring,0.0,0.0
springing,0.0,0.0
springs,0.0,0.0
springtime,0.0,0.0
sprung,0.0,0.0
st,0.0,0.0
staff,0.0,0.0
stained,0.0,0.0
stair,0.0,0.0
stand,0.0,0.0
standing,0.0,0.0
stands,0.0,0.0
star,0.0,0.0
stare,0.0,0.0
stars,0.0,0.0
start,0.0,0.0
started,0.0,0.0
startled,0.0,0.0
state,0.0,0.0
stately,0.0,0.0
statue,0.0,0.0
stay,0.0,0.0
steadfast,0.0,0.0
steady,0.0,0.0
stealing,0.0,0.0
steals,0.0,0.0
steed,0.0,0.0
steeds,0.0,0.0
steel,0.0,0.0
steep,0.0,0.0
stem,0.0,0.0
step,0.0,0.0
stepped,0.0,0.0
steps,0.0,0.0
stern,0.0,0.0
stiff,0.0,0.0
stillness,0.0,0.0
sting,0.0,0.0
stirred,0.0,0.0
stirring,0.0,0.0
stirs,0.0,0.0
stone,0.0,0.0
stones,0.0,0.0
stony,0.0,0.0
stood,0.0,0.0
stoop,0.0,0.0
stop,0.0,0.0
stopped,0.0,0.0
store,0.0,0.0
storm,0.0,0.0
storms,0.0,0.0
stormy,0.0,0.0
story,0.0,0.0
strain,0.0,0.0
strains,0.0,0.0
strange,0.0,0.0
strangely,0.0,0.0
stranger,0.0,0.0
strangers,0.0,0.0
stray,0.0,0.0
strayed,0.0,0.0
stream,0.0,0.0
streaming,0.0,0.0
streams,0.0,0.0
street,0.0,0.0
streets,0.0,0.0
strength,0.0,0.0
stretch,0.0,0.0
strewn,0.0,0.0
strife,0.0,0.0
strike,0.0,0.0
strikes,0.0,0.0
string,0.0,0.0
strings,0.0,0.0
strive,0.0,0.0
striving,0.0,0.0
stroke,0.0,0.0
strong,0.0,0.0
stronger,0.0,0.0
strove,0.0,0.0
struck,0.0,0.0
struggling,0.0,0.0
style,0.0,0.0
sublime,0.0,0.0
subtle,0.0,0.0
success,0.0,0.0
such,0.0,0.0
sudden,0.0,0.0
suffer,0.0,0.0
suffered,0.0,0.0
suffering,0.0,0.0
suit,0.0,0.0
summer,0.0,0.0
summit,0.0,0.0
summons,0.0,0.0
sun,0.0,0.0
sunbeam,0.0,0.0
sunbeams,0.0,0.0
sung,0.0,0.0
sunk,0.0,0.0
sunny,0.0,0.0
sunrise,0.0,0.0
suns,0.0,0.0
sunset,0.0,0.0
sunshine,0.0,0.0
supreme,0.0,0.0
surely,0.0,0.0
surge,0.0,0.0
surprise,0.0,0.0
swallow,0.0,0.0
sway,0.0,0.0
swayed,0.0,0.0
swear,0.0,0.0
sweep,0.0,0.0
sweeping,0.0,0.0
sweeps,0.0,0.0
sweet,0.0,0.0
sweeter,0.0,0.0
sweetest,0.0,0.0
sweetly,0.0,0.0
sweetness,0.0,0.0
sweets,0.0,0.0
swell,0.0,0.0
swelling,0.0,0.0
swells,0.0,0.0
swept,0.0,0.0
swift,0.0,0.0
swiftly,0.0,0.0
sword,0.0,0.0
swung,0.0,0.0
sympathy,0.0,0.0
t,0.0,0.0
taken,0.0,0.0
takes,0.0,0.0
taking,0.0,0.0
tale,0.0,0.0
tales,0.0,0.0
talk,0.0,0.0
talked,0.0,0.0
tall,0.0,0.0
tame,0.0,0.0
tangled,0.0,0.0
task,0.0,0.0
taste,0.0,0.0
taught,0.0,0.0
tearful,0.0,0.0
tears,0.0,0.0
teeth,0.0,0.0
telling,0.0,0.0
tells,0.0,0.0
tempest,0.0,0.0
tempests,0.0,0.0
temple,0.0,0.0
temples,0.0,0.0
ten,0.0,0.0
tender,0.0,0.0
tenderly,0.0,0.0
tenderness,0.0,0.0
tent,0.0,0.0
terrible,0.0,0.0
terror,0.0,0.0
th,0.0,0.0
than,0.0,0.0
thanks,0.0,0.0
that,0.0,0.0
the,0.0,0.0
thee,0.0,0.0
their,0.0,0.0
theirs,0.0,0.0
them,0.0,0.0
theme,0.0,0.0
themselves,0.0,0.0
then,0.0,0.0
thence,0.0,0.0
therefore,0.0,0.0
these,0.0,0.0
they,0.0,0.0
thin,0.0,0.0
thine,0.0,0.0
thing,0.0,0.0
things,0.0,0.0
think,0.0,0.0
thinking,0.0,0.0
thinks,0.0,0.0
third,0.0,0.0
thirst,0.0,0.0
this,0.0,0.0
thither,0.0,0.0
thorns,0.0,0.0
those,0.0,0.0
thou,0.0,0.0
though,0.0,0.0
thought,0.0,0.0
thoughts,0.0,0.0
thousand,0.0,0.0
thousands,0.0,0.0
thrall,0.0,0.0
three,0.0,0.0
threw,0.0,0.0
thrill,0.0,0.0
thrilled,0.0,0.0
thrilling,0.0,0.0
thrills,0.0,0.0
throbbing,0.0,0.0
throne,0.0,0.0
throughout,0.0,0.0
throw,0.0,0.0
thrown,0.0,0.0
thrust,0.0,0.0
thunder,0.0,0.0
thunders,0.0,0.0
thy,0.0,0.0
tide,0.0,0.0
tides,0.0,0.0
tidings,0.0,0.0
tie,0.0,0.0
ties,0.0,0.0
time,0.0,0.0
timid,0.0,0.0
tints,0.0,0.0
tiny,0.0,0.0
tired,0.0,0.0
to,0.0,0.0
today,0.0,0.0
together,0.0,0.0
toils,0.0,0.0
token,0.0,0.0
told,0.0,0.0
tomb,0.0,0.0
tomorrow,0.0,0.0
tone,0.0,0.0
tones,0.0,0.0
tongue,0.0,0.0
tongues,0.0,0.0
tonight,0.0,0.0
too,0.0,0.0
took,0.0,0.0
top,0.0,0.0
tops,0.0,0.0
torch,0.0,0.0
tore,0.0,0.0
torn,0.0,0.0
torrent,0.0,0.0
toss,0.0,0.0
tossed,0.0,0.0
touch,0.0,0.0
touched,0.0,0.0
toward,0.0,0.0
towards,0.0,0.0
tower,0.0,0.0
towering,0.0,0.0
towers,0.0,0.0
town,0.0,0.0
trace,0.0,0.0
traced,0.0,0.0
track,0.0,0.0
trade,0.0,0.0
train,0.0,0.0
tranquil,0.0,0.0
travel,0.0,0.0
traveller,0.0,0.0
tread,0.0,0.0
treasure,0.0,0.0
treasures,0.0,0.0
tree,0.0,0.0
trees,0.0,0.0
tremble,0.0,0.0
trembling,0.0,0.0
tremulous,0.0,0.0
tresses,0.0,0.0
tribute,0.0,0.0
tried,0.0,0.0
triumph,0.0,0.0
triumphant,0.0,0.0
trouble,0.0,0.0
troubled,0.0,0.0
true,0.0,0.0
truly,0.0,0.0
trust,0.0,0.0
truth,0.0,0.0
try,0.0,0.0
tumult,0.0,0.0
tune,0.0,0.0
turn,0.0,0.0
turned,0.0,0.0
turns,0.0,0.0
twain,0.0,0.0
twas,0.0,0.0
twelve,0.0,0.0
twenty,0.0,0.0
twine,0.0,0.0
twined,0.0,0.0
twixt,0.0,0.0
two,0.0,0.0
u,0.0,0.0
unconscious,0.0,0.0
under,0.0,0.0
underneath,0.0,0.0
understand,0.0,0.0
understood,0.0,0.0
undone,0.0,0.0
unfold,0.0,0.0
union,0.0,0.0
universal,0.0,0.0
universe,0.0,0.0
unknown,0.0,0.0
unless,0.0,0.0
unseen,0.0,0.0
untold,0.0,0.0
up,0.0,0.0
upon,0.0,0.0
upper,0.0,0.0
upward,0.0,0.0
us,0.0,0.0
use,0.0,0.0
used,0.0,0.0
useless,0.0,0.0
utmost,0.0,0.0
uttered,0.0,0.0
vacant,0.0,0.0
vague,0.0,0.0
vain,0.0,0.0
vale,0.0,0.0
vales,0.0,0.0
valley,0.0,0.0
valleys,0.0,0.0
vanish,0.0,0.0
vanished,0.0,0.0
various,0.0,0.0
vast,0.0,0.0
veiled,0.0,0.0
velvet,0.0,0.0
vengeance,0.0,0.0
verge,0.0,0.0
verse,0.0,0.0
very,0.0,0.0
vessel,0.0,0.0
vexed,0.0,0.0
victim,0.0,0.0
victor,0.0,0.0
victory,0.0,0.0
vile,0.0,0.0
village,0.0,0.0
vine,0.0,0.0
violet,0.0,0.0
violets,0.0,0.0
virgin,0.0,0.0
virtues,0.0,0.0
visions,0.0,0.0
voice,0.0,0.0
voices,0.0,0.0
void,0.0,0.0
vow,0.0,0.0
vows,0.0,0.0
w,0.0,0.0
wail,0.0,0.0
wait,0.0,0.0
waited,0.0,0.0
waiting,0.0,0.0
waits,0.0,0.0
wake,0.0,0.0
waking,0.0,0.0
walk,0.0,0.0
walked,0.0,0.0
wall,0.0,0.0
walls,0.0,0.0
wand,0.0,0.0
wander,0.0,0.0
wanderer,0.0,0.0
wandering,0.0,0.0
waning,0.0,0.0
want,0.0,0.0
wants,0.0,0.0
war,0.0,0.0
warm,0.0,0.0
warmth,0.0,0.0
warning,0.0,0.0
wars,0.0,0.0
was,0.0,0.0
wash,0.0,0.0
washed,0.0,0.0
waste,0.0,0.0
wasted,0.0,0.0
watch,0.0,0.0
watched,0.0,0.0
watches,0.0,0.0
watchful,0.0,0.0
watching,0.0,0.0
water,0.0,0.0
waters,0.0,0.0
wave,0.0,0.0
waves,0.0,0.0
waving,0.0,0.0
ways,0.0,0.0
wayward,0.0,0.0
we'll,0.0,0.0
weak,0.0,0.0
weakness,0.0,0.0
wealth,0.0,0.0
wear,0.0,0.0
wearied,0.0,0.0
weariness,0.0,0.0
wears,0.0,0.0
weary,0.0,0.0
weather,0.0,0.0
weave,0.0,0.0
web,0.0,0.0
wed,0.0,0.0
wedding,0.0,0.0
weed,0.0,0.0
week,0.0,0.0
weep,0.0,0.0
weeping,0.0,0.0
welcome,0.0,0.0
went,0.0,0.0
wept,0.0,0.0
were,0.0,0.0
west,0.0,0.0
wet,0.0,0.0
wheat,0.0,0.0
wheels,0.0,0.0
when,0.0,0.0
whence,0.0,0.0
whenever,0.0,0.0
wherefore,0.0,0.0
wherein,0.0,0.0
whereon,0.0,0.0
wherever,0.0,0.0
whether,0.0,0.0
which,0.0,0.0
while,0.0,0.0
whispered,0.0,0.0
whispering,0.0,0.0
whispers,0.0,0.0
white,0.0,0.0
whither,0.0,0.0
who,0.0,0.0
whole,0.0,0.0
wholly,0.0,0.0
whom,0.0,0.0
why,0.0,0.0
wicked,0.0,0.0
wide,0.0,0.0
widow,0.0,0.0
wife,0.0,0.0
wild,0.0,0.0
wilderness,0.0,0.0
will,0.0,0.0
willing,0.0,0.0
willow,0.0,0.0
wilt,0.0,0.0
win,0.0,0.0
wind,0.0,0.0
winding,0.0,0.0
window,0.0,0.0
windows,0.0,0.0
winds,0.0,0.0
wings,0.0,0.0
winter,0.0,0.0
wisdom,0.0,0.0
wise,0.0,0.0
wish,0.0,0.0
wished,0.0,0.0
wishes,0.0,0.0
wit,0.0,0.0
with,0.0,0.0
wither,0.0,0.0
withered,0.0,0.0
withering,0.0,0.0
within,0.0,0.0
without,0.0,0.0
woes,0.0,0.0
wolf,0.0,0.0
woman,0.0,0.0
women,0.0,0.0
won,0.0,0.0
wonderful,0.0,0.0
wondering,0.0,0.0
wonders,0.0,0.0
woo,0.0,0.0
wood,0.0,0.0
woodland,0.0,0.0
woods,0.0,0.0
word,0.0,0.0
words,0.0,0.0
work,0.0,0.0
working,0.0,0.0
works,0.0,0.0
world,0.0,0.0
worldly,0.0,0.0
worm,0.0,0.0
worse,0.0,0.0
worship,0.0,0.0
worshipped,0.0,0.0
worst,0.0,0.0
worth,0.0,0.0
worthy,0.0,0.0
would,0.0,0.0
wouldst,0.0,0.0
wounded,0.0,0.0
wounds,0.0,0.0
wove,0.0,0.0
woven,0.0,0.0
wrapped,0.0,0.0
wrath,0.0,0.0
wreath,0.0,0.0
wreathed,0.0,0.0
wreaths,0.0,0.0
wreck,0.0,0.0
wretched,0.0,0.0
writ,0.0,0.0
write,0.0,0.0
written,0.0,0.0
wrong,0.0,0.0
wrongs,0.0,0.0
wrought,0.0,0.0
wrung,0.0,0.0
y,0.0,0.0
year,0.0,0.0
yearn,0.0,0.0
years,0.0,0.0
yesterday,0.0,0.0
yet,0.0,0.0
yield,0.0,0.0
yielding,0.0,0.0
yields,0.0,0.0
yon,0.0,0.0
yonder,0.0,0.0
you,0.0,0.0
you'll,0.0,0.0
young,0.0,0.0
your,0.0,0.0
yours,0.0,0.0
youth,0.0,0.0
zeal,0.0,0.0
zone,0.0,0.0
beware,0.0386679075648,649.794996724
plumes,0.0516470960207,909.519520364
pity,0.0994876974176,750.429367782
pomp,0.107477366457,1021.11867513
scattered,0.135914651893,1579.91687643
herself,0.198690275423,2167.70418524
shut,0.220096780121,2272.30369862
worn,0.249241191712,2206.36421044
buy,0.253854397951,3662.71022248
shepherd,0.257213339568,2325.71175759
haunt,0.322482196447,4944.49974218
slow,0.36912649892,1853.00687457
tear,0.383151575561,1594.98343216
bed,0.405332035381,1749.99917117
worlds,0.430309182709,2930.10417183
toiling,0.525647234094,9467.92621646
spreading,0.581980073104,10431.8228572
happier,0.596387479859,9750.20327832
chant,0.639940296595,8383.27951901
ripe,0.722461589216,11725.7053015
between,0.773552902091,3619.36548424
flame,0.818861703579,3662.49541576
shaft,0.82729314923,14071.4272424
witness,0.93072210295,13897.8264898
dim,0.938103039593,3355.83893934
different,1.11667863467,20542.8068798
throws,1.1575843807,21791.6119595
age,1.20281842991,5263.66739401
wintery,1.37846977131,18769.7504599
cast,1.41291204791,8697.41175596
twilight,1.45596325172,7198.15436918
fountain,1.53415858313,12518.5546729
keen,1.54963179405,12169.7392508
prone,1.56781276083,34403.9618502
blazing,1.57217303642,29808.2021841
still,1.69337933969,2324.36168496
toiled,1.75273476087,45851.8203829
phantom,1.81302438291,20681.7868733
thick,1.82613474662,14608.7060298
cities,1.95019811604,20481.6627491
begin,2.12498772655,28135.639735
take,2.16692060757,7727.67343075
homeward,2.31600920842,35999.0325455
spake,2.35564171853,13090.0281264
fool,2.38264724097,19471.2930743
searching,2.44384078035,55088.9041138
inward,2.46393841454,40352.6177698
outer,2.52036453312,44004.2809421
dread,2.63870430701,13155.5537533
lifting,2.68920785798,49999.1055174
toil,2.94245897971,13425.4560673
sense,3.01104252494,17183.5412778
doom,3.06072517869,24114.2876909
huge,3.20245088908,31990.8570307
myself,3.22542961905,18489.8774945
send,3.23409678695,27532.5869721
flows,3.35401113402,36819.5266292
re,3.363141805,13574.5079565
wan,3.49159777681,40290.4706987
shake,3.60274043709,49643.0558676
throat,3.79734883249,45247.6697857
does,3.89792990659,20031.2737859
season,3.93979046574,46837.4267955
hut,4.15104683156,53589.2473501
nerve,4.23580794377,119413.550066
hoary,4.24701495903,57164.8898713
sullen,4.43186847017,62613.8706916
pines,4.8348145067,54490.9822116
aloud,4.88619985188,67011.3864597
brake,4.90789302057,88693.641006
patient,4.9932411471,49199.3694858
apart,5.03606055314,43406.1102509
death,5.10990260661,9263.46919841
against,5.16845176329,21328.9840925
brows,5.21136216496,67117.9320365
wore,5.43684167741,57194.0589739
bitter,5.47702407908,30710.2824749
ghost,5.51746512386,45540.0099846
four,5.63428764989,44109.6990344
gave,5.6773547876,23077.739934
wheel,5.67867554805,75250.7454799
merry,5.68033379247,30622.9348597
measure,5.9071140507,58071.9456385
nature,5.9364103026,13042.1856888
uplifted,5.9647106545,117250.795204
kneel,6.05095538847,73327.9231882
buried,6.19655035104,61224.5384828
law,6.25277659477,31418.2378417
sheltered,6.42528766254,155104.804896
seven,6.66325540897,77654.1632059
scorn,6.82989443008,54436.4341865
cold,6.89272249596,20423.5377129
ask,6.93916548316,43584.9117592
smooth,7.07734172614,83905.9587675
tyre,7.18268876449,133465.85863
bonds,7.1837519786,153586.197399
ye,7.19565299247,9470.24040745
chance,7.30536193493,72878.2507726
draw,7.52268013081,74441.8589752
books,7.55596041863,67433.6562206
danced,7.91466817771,123520.161939
guest,8.2103984542,92350.8988934
knelt,8.24414793231,106188.192145
round,8.25069609396,20054.3937173
moan,8.39241818394,86604.1105458
most,8.40222277525,26712.9729869
weeps,8.46199406999,204414.291245
confessed,8.55489803926,196224.54807
weight,8.64252838454,119704.638094
rose,8.68296354758,18996.2909737
fixed,8.71588566266,92062.797806
says,8.75271952427,31790.1185859
tossing,8.78243956712,215293.579551
hum,8.80894677961,146748.856297
yearning,8.84620335786,90498.5625764
wonder,8.89514115528,52491.5387513
foam,8.90343171463,79761.4294172
fallen,8.93229058382,59242.8073078
nursed,9.13683809671,202152.723544
palms,9.14763432896,214198.954796
might,9.31102730077,23903.6897442
pang,9.40543252059,158115.856029
imperial,9.4507173831,165984.604827
wives,9.54417210024,184089.556585
ringing,9.57486190111,124711.552882
well,9.59744637188,21207.5812093
paused,9.92451621727,141823.819114
whirling,10.2252814601,223158.872728
wailing,10.348214739,178318.684886
vines,10.4876298449,146991.155423
graves,10.4948908542,124548.572432
plead,10.5868317327,169628.952717
mirth,10.6335504674,70106.8971213
slowly,10.7094483713,64721.529351
humanity,10.7973926821,180856.556463
swords,10.7981699265,177295.511118
stir,11.1604289717,101108.166082
faced,11.2190428581,213019.745995
sign,11.725030259,119238.585646
square,11.7610653233,171117.447387
woe,12.415847548,40872.4763481
self,12.6613106955,52744.5194559
turning,12.7943198798,152861.547325
flock,12.8037300521,208401.135539
stretched,12.875263701,186432.622593
fancies,12.8907657244,172659.565844
table,12.9624524915,156997.525852
bows,13.0155674337,251304.278184
wooed,13.0357700731,285672.368308
winged,13.0695638169,125372.356341
cheerful,13.2786008866,165275.476011
bloomed,13.4941397222,360624.958096
lot,13.5891705616,121803.425952
laws,13.6399954306,97700.3123204
lie,13.8008737915,53844.6259272
dashed,14.1240565284,306360.835715
eyes,14.1282147936,19201.5632612
blank,14.2697476302,278589.012863
rushed,14.3715339683,189351.839813
leave,14.5337586557,84314.6739337
how,14.6665840485,22824.4191498
whose,14.7107144676,21634.8793818
kindling,14.7124176722,280045.217071
her,14.8034321936,4844.41091307
dared,14.8232738418,165780.987157
sand,14.9694095949,124440.219562
human,14.9799405639,51533.1260835
grown,15.0545352164,108668.92031
and,15.0813768382,2003.58199055
favourite,15.1517540637,295354.610544
wound,15.3025225738,170029.139321
broad,15.333703129,107249.404298
household,15.5286608996,266544.556214
bursts,15.6444267493,288618.573686
somewhat,15.6733925904,283616.443607
red,15.7226614726,38983.5452878
pleased,15.7547549585,220161.650103
count,15.8940558936,172429.958478
phantoms,15.9615589416,333006.272937
wanton,16.2224435858,346923.984618
thrice,16.2477066968,203316.452913
feels,16.5134911058,237617.286951
secrets,16.5747320491,298521.649485
evermore,16.6844343183,163117.614554
dark,17.4456451471,40171.2559616
scorned,17.5347159425,434901.884259
cost,17.7986067693,268646.797137
jealous,17.8007423578,342753.604754
lying,17.8027936006,159239.567274
yellow,17.9130180709,109589.79595
ground,18.1398979281,94718.8987376
fearless,18.1797509232,268161.869865
looks,18.1938541707,127202.268495
saved,18.2025531083,257714.859947
sure,18.2317412382,100990.707263
yes,18.3849812626,82970.4097436
hither,18.3891393351,208583.25791
scarce,18.633570159,124147.90896
shattered,18.7581060229,298758.554152
ghosts,18.9132121097,305348.985254
enough,19.0068615684,136772.122103
walks,19.1264234061,221785.853518
unto,19.3290065171,55774.2647088
murmurs,19.381519017,313741.245468
veil,19.9182615715,164614.48065
silk,20.0044865005,358286.481746
groan,20.1980110121,335118.52158
bosoms,20.2084690267,383182.566906
wine,20.659177208,93156.0539302
through,20.6616102513,23053.86072
thorn,20.8357813076,315603.141796
angry,21.3474971309,258848.398873
cried,21.4142830369,95821.0387658
present,21.7119151674,188957.512465
creature,21.876987737,253320.698725
gulf,22.1626374063,468189.592403
whirl,22.2780887152,383131.404533
brightly,22.4214404979,334509.58872
crown,22.7080295288,107082.446337
moaning,22.743353883,429152.566943
where,22.8568707663,21953.7172386
darkly,22.9988650907,382421.806149
twin,23.0781028281,462313.185573
shakes,23.1539642622,407363.999401
wakes,23.5389507804,346754.265257
loveliest,23.8478344467,431895.34282
sort,23.9978004346,367589.373075
limb,24.7647816745,417121.945735
change,25.250047495,154244.715429
whatever,25.8574063426,223426.618419
hopeless,27.5422321199,425813.237952
she,27.8341473441,14000.7051409
waken,28.3280014175,594046.5715
spent,28.4071060738,312890.7617
blew,28.5833198582,358731.142849
harsh,28.6383775496,523727.866813
plays,28.6741270393,498227.14819
surface,29.2536591712,539854.958116
shot,29.4917087219,225990.144778
knew,30.0218679515,102226.983818
shower,30.3008323779,444887.440375
sitting,30.301443178,323449.09885
follows,30.5882038521,613610.172462
space,31.0431816952,208577.705581
trembled,31.2979500686,630266.227933
wrote,31.3631806562,504685.38213
part,32.3433624754,114931.171362
goes,33.0513808712,176535.024269
wert,33.3416561734,328939.92367
playing,33.75535814,588386.712732
trance,34.4348216959,598866.286529
lest,35.1338302291,256279.2799
hurt,35.2825638948,734866.122081
what,35.7046198141,37041.9290266
trumpet,37.0052594925,611392.768084
leaf,38.3196487612,252294.828745
vainly,38.3290445535,443860.392926
bled,38.4224619853,709550.195108
presence,39.3948283816,265838.364598
blast,39.4820081549,378967.397439
twice,39.6973823652,708799.831339
hers,39.7377481786,434560.499666
unheard,40.0696481336,914600.665579
houses,40.0836451756,569938.259416
lingering,42.2817373875,407210.965066
heavy,42.7250433883,263596.469273
fresh,42.8839642511,266970.225338
everywhere,43.1457472694,438252.166718
sober,43.9092033648,844316.114114
hurrying,44.9444861351,843018.000099
spoke,45.0249808344,271691.457278
evil,45.02819867,330763.878044
starry,46.5344119626,378604.446718
yore,46.7192183024,600390.772678
smoke,50.574208373,454816.887675
served,51.2909353347,990828.945167
reverence,52.0425917953,949093.823091
turf,60.8030742398,1074867.45243
nights,67.7138257966,599502.391165
sake,68.1068224262,541074.602598
d,71.9225959018,98878.1095005
seasons,79.1913187941,1139725.05158
