a,0.0,0.0
abide,0.0,0.0
abode,0.0,0.0
about,0.0,0.0
above,0.0,0.0
abroad,0.0,0.0
absent,0.0,0.0
accents,0.0,0.0
accursed,0.0,0.0
aching,0.0,0.0
across,0.0,0.0
act,0.0,0.0
action,0.0,0.0
add,0.0,0.0
adieu,0.0,0.0
adore,0.0,0.0
advance,0.0,0.0
afar,0.0,0.0
affection,0.0,0.0
afraid,0.0,0.0
after,0.0,0.0
again,0.0,0.0
against,0.0,0.0
age,0.0,0.0
aged,0.0,0.0
ages,0.0,0.0
ago,0.0,0.0
agony,0.0,0.0
ah,0.0,0.0
aid,0.0,0.0
aim,0.0,0.0
air,0.0,0.0
airs,0.0,0.0
airy,0.0,0.0
alas,0.0,0.0
alien,0.0,0.0
alike,0.0,0.0
alive,0.0,0.0
all,0.0,0.0
almost,0.0,0.0
aloft,0.0,0.0
alone,0.0,0.0
along,0.0,0.0
aloud,0.0,0.0
already,0.0,0.0
also,0.0,0.0
altar,0.0,0.0
although,0.0,0.0
always,0.0,0.0
am,0.0,0.0
amber,0.0,0.0
ambition,0.0,0.0
amid,0.0,0.0
among,0.0,0.0
ample,0.0,0.0
an,0.0,0.0
ancient,0.0,0.0
and,0.0,0.0
anew,0.0,0.0
angel,0.0,0.0
angels,0.0,0.0
anger,0.0,0.0
angry,0.0,0.0
anguish,0.0,0.0
anon,0.0,0.0
another,0.0,0.0
answer,0.0,0.0
answered,0.0,0.0
answering,0.0,0.0
answers,0.0,0.0
anxious,0.0,0.0
any,0.0,0.0
anything,0.0,0.0
apart,0.0,0.0
appear,0.0,0.0
appeared,0.0,0.0
appears,0.0,0.0
apple,0.0,0.0
approach,0.0,0.0
april,0.0,0.0
arch,0.0,0.0
ardent,0.0,0.0
are,0.0,0.0
aright,0.0,0.0
arise,0.0,0.0
arm,0.0,0.0
armed,0.0,0.0
armies,0.0,0.0
armour,0.0,0.0
arms,0.0,0.0
army,0.0,0.0
arose,0.0,0.0
around,0.0,0.0
array,0.0,0.0
arrayed,0.0,0.0
arrow,0.0,0.0
arrows,0.0,0.0
art,0.0,0.0
arts,0.0,0.0
as,0.0,0.0
ashes,0.0,0.0
aside,0.0,0.0
ask,0.0,0.0
asked,0.0,0.0
asleep,0.0,0.0
at,0.0,0.0
athwart,0.0,0.0
aught,0.0,0.0
august,0.0,0.0
autumn,0.0,0.0
await,0.0,0.0
awake,0.0,0.0
away,0.0,0.0
awe,0.0,0.0
awful,0.0,0.0
awhile,0.0,0.0
awoke,0.0,0.0
ay,0.0,0.0
aye,0.0,0.0
azure,0.0,0.0
b,0.0,0.0
babe,0.0,0.0
baby,0.0,0.0
back,0.0,0.0
backward,0.0,0.0
bad,0.0,0.0
bade,0.0,0.0
ball,0.0,0.0
balm,0.0,0.0
balmy,0.0,0.0
band,0.0,0.0
bands,0.0,0.0
bank,0.0,0.0
banks,0.0,0.0
banner,0.0,0.0
banners,0.0,0.0
banquet,0.0,0.0
bar,0.0,0.0
bard,0.0,0.0
bare,0.0,0.0
bark,0.0,0.0
barren,0.0,0.0
bars,0.0,0.0
base,0.0,0.0
bathed,0.0,0.0
battle,0.0,0.0
bay,0.0,0.0
be,0.0,0.0
beach,0.0,0.0
beacon,0.0,0.0
beam,0.0,0.0
beaming,0.0,0.0
beams,0.0,0.0
bear,0.0,0.0
bearing,0.0,0.0
bears,0.0,0.0
beast,0.0,0.0
beasts,0.0,0.0
beat,0.0,0.0
beaten,0.0,0.0
beating,0.0,0.0
beats,0.0,0.0
beauteous,0.0,0.0
beauties,0.0,0.0
beautiful,0.0,0.0
beauty,0.0,0.0
became,0.0,0.0
because,0.0,0.0
become,0.0,0.0
becomes,0.0,0.0
bed,0.0,0.0
beds,0.0,0.0
bee,0.0,0.0
been,0.0,0.0
bees,0.0,0.0
before,0.0,0.0
began,0.0,0.0
begin,0.0,0.0
beginning,0.0,0.0
begins,0.0,0.0
beguile,0.0,0.0
begun,0.0,0.0
beheld,0.0,0.0
behind,0.0,0.0
behold,0.0,0.0
being,0.0,0.0
believe,0.0,0.0
believed,0.0,0.0
bell,0.0,0.0
bells,0.0,0.0
belong,0.0,0.0
beloved,0.0,0.0
below,0.0,0.0
bend,0.0,0.0
bending,0.0,0.0
bends,0.0,0.0
beneath,0.0,0.0
bent,0.0,0.0
bereft,0.0,0.0
beside,0.0,0.0
best,0.0,0.0
bestow,0.0,0.0
betrayed,0.0,0.0
better,0.0,0.0
between,0.0,0.0
beware,0.0,0.0
beyond,0.0,0.0
bid,0.0,0.0
bidding,0.0,0.0
bids,0.0,0.0
bier,0.0,0.0
big,0.0,0.0
billows,0.0,0.0
bind,0.0,0.0
bird,0.0,0.0
birds,0.0,0.0
birth,0.0,0.0
bit,0.0,0.0
bitter,0.0,0.0
bitterness,0.0,0.0
black,0.0,0.0
blade,0.0,0.0
blame,0.0,0.0
blank,0.0,0.0
blast,0.0,0.0
blaze,0.0,0.0
blazing,0.0,0.0
bleak,0.0,0.0
bled,0.0,0.0
bleed,0.0,0.0
bleeding,0.0,0.0
blend,0.0,0.0
bless,0.0,0.0
blessed,0.0,0.0
blessing,0.0,0.0
blessings,0.0,0.0
blew,0.0,0.0
blight,0.0,0.0
blind,0.0,0.0
bliss,0.0,0.0
blissful,0.0,0.0
blithe,0.0,0.0
blood,0.0,0.0
bloody,0.0,0.0
bloom,0.0,0.0
bloomed,0.0,0.0
blooming,0.0,0.0
blooms,0.0,0.0
blossom,0.0,0.0
blossoms,0.0,0.0
blow,0.0,0.0
blowing,0.0,0.0
blown,0.0,0.0
blows,0.0,0.0
blue,0.0,0.0
blush,0.0,0.0
blushing,0.0,0.0
board,0.0,0.0
boast,0.0,0.0
boat,0.0,0.0
bodies,0.0,0.0
body,0.0,0.0
bold,0.0,0.0
boldly,0.0,0.0
bond,0.0,0.0
bonds,0.0,0.0
bones,0.0,0.0
book,0.0,0.0
books,0.0,0.0
boon,0.0,0.0
bore,0.0,0.0
born,0.0,0.0
bosom,0.0,0.0
bosoms,0.0,0.0
both,0.0,0.0
bough,0.0,0.0
boughs,0.0,0.0
bought,0.0,0.0
bound,0.0,0.0
bounding,0.0,0.0
boundless,0.0,0.0
bounds,0.0,0.0
bow,0.0,0.0
bowed,0.0,0.0
bower,0.0,0.0
bowers,0.0,0.0
bowl,0.0,0.0
bows,0.0,0.0
boy,0.0,0.0
boys,0.0,0.0
brain,0.0,0.0
brake,0.0,0.0
branch,0.0,0.0
branches,0.0,0.0
brand,0.0,0.0
brave,0.0,0.0
bravely,0.0,0.0
bread,0.0,0.0
break,0.0,0.0
breaking,0.0,0.0
breaks,0.0,0.0
breast,0.0,0.0
breasts,0.0,0.0
breath,0.0,0.0
breathe,0.0,0.0
breathed,0.0,0.0
breathes,0.0,0.0
breathing,0.0,0.0
breathless,0.0,0.0
breeze,0.0,0.0
breezes,0.0,0.0
bridal,0.0,0.0
bride,0.0,0.0
bridge,0.0,0.0
brief,0.0,0.0
bright,0.0,0.0
brighter,0.0,0.0
brightest,0.0,0.0
brightly,0.0,0.0
brightness,0.0,0.0
brilliant,0.0,0.0
brim,0.0,0.0
bring,0.0,0.0
bringing,0.0,0.0
brings,0.0,0.0
brink,0.0,0.0
broad,0.0,0.0
broke,0.0,0.0
broken,0.0,0.0
brood,0.0,0.0
brooding,0.0,0.0
brook,0.0,0.0
brooks,0.0,0.0
brother,0.0,0.0
brothers,0.0,0.0
brought,0.0,0.0
brow,0.0,0.0
brown,0.0,0.0
brows,0.0,0.0
bud,0.0,0.0
budding,0.0,0.0
buds,0.0,0.0
build,0.0,0.0
built,0.0,0.0
burden,0.0,0.0
buried,0.0,0.0
burn,0.0,0.0
burned,0.0,0.0
burning,0.0,0.0
burns,0.0,0.0
burst,0.0,0.0
bursting,0.0,0.0
bursts,0.0,0.0
bush,0.0,0.0
busy,0.0,0.0
but,0.0,0.0
buy,0.0,0.0
by,0.0,0.0
call,0.0,0.0
called,0.0,0.0
calling,0.0,0.0
calls,0.0,0.0
calm,0.0,0.0
calmly,0.0,0.0
came,0.0,0.0
camp,0.0,0.0
can,0.0,0.0
can't,0.0,0.0
cannot,0.0,0.0
canst,0.0,0.0
captain,0.0,0.0
captive,0.0,0.0
car,0.0,0.0
care,0.0,0.0
careless,0.0,0.0
cares,0.0,0.0
caress,0.0,0.0
carried,0.0,0.0
carry,0.0,0.0
carved,0.0,0.0
case,0.0,0.0
cast,0.0,0.0
castle,0.0,0.0
catch,0.0,0.0
cattle,0.0,0.0
caught,0.0,0.0
cause,0.0,0.0
cave,0.0,0.0
caves,0.0,0.0
cease,0.0,0.0
ceased,0.0,0.0
ceaseless,0.0,0.0
celestial,0.0,0.0
cell,0.0,0.0
centre,0.0,0.0
centuries,0.0,0.0
certain,0.0,0.0
chain,0.0,0.0
chains,0.0,0.0
chair,0.0,0.0
chamber,0.0,0.0
chance,0.0,0.0
change,0.0,0.0
changed,0.0,0.0
changes,0.0,0.0
changing,0.0,0.0
chant,0.0,0.0
charge,0.0,0.0
charity,0.0,0.0
charm,0.0,0.0
charmed,0.0,0.0
charms,0.0,0.0
chase,0.0,0.0
check,0.0,0.0
cheek,0.0,0.0
cheeks,0.0,0.0
cheer,0.0,0.0
cheered,0.0,0.0
cheerful,0.0,0.0
cheers,0.0,0.0
cherish,0.0,0.0
cherished,0.0,0.0
chief,0.0,0.0
child,0.0,0.0
childhood,0.0,0.0
childish,0.0,0.0
children,0.0,0.0
chill,0.0,0.0
chime,0.0,0.0
choice,0.0,0.0
choir,0.0,0.0
choose,0.0,0.0
chords,0.0,0.0
chorus,0.0,0.0
chose,0.0,0.0
chosen,0.0,0.0
christ,0.0,0.0
christian,0.0,0.0
christmas,0.0,0.0
church,0.0,0.0
circle,0.0,0.0
circling,0.0,0.0
cities,0.0,0.0
city,0.0,0.0
clad,0.0,0.0
claim,0.0,0.0
claimed,0.0,0.0
claims,0.0,0.0
clasp,0.0,0.0
clasped,0.0,0.0
clay,0.0,0.0
clean,0.0,0.0
clear,0.0,0.0
cliff,0.0,0.0
cliffs,0.0,0.0
climb,0.0,0.0
climbed,0.0,0.0
clime,0.0,0.0
cling,0.0,0.0
clinging,0.0,0.0
clings,0.0,0.0
cloak,0.0,0.0
clock,0.0,0.0
close,0.0,0.0
closed,0.0,0.0
closely,0.0,0.0
closer,0.0,0.0
closing,0.0,0.0
clothed,0.0,0.0
clothes,0.0,0.0
cloud,0.0,0.0
cloudless,0.0,0.0
clouds,0.0,0.0
cloudy,0.0,0.0
clung,0.0,0.0
coast,0.0,0.0
coat,0.0,0.0
cold,0.0,0.0
colour,0.0,0.0
coloured,0.0,0.0
colours,0.0,0.0
come,0.0,0.0
comes,0.0,0.0
cometh,0.0,0.0
comfort,0.0,0.0
coming,0.0,0.0
command,0.0,0.0
common,0.0,0.0
company,0.0,0.0
complete,0.0,0.0
comrades,0.0,0.0
concealed,0.0,0.0
confess,0.0,0.0
confessed,0.0,0.0
conquer,0.0,0.0
conquered,0.0,0.0
conquering,0.0,0.0
conscience,0.0,0.0
conscious,0.0,0.0
constant,0.0,0.0
content,0.0,0.0
control,0.0,0.0
converse,0.0,0.0
cool,0.0,0.0
core,0.0,0.0
corn,0.0,0.0
corner,0.0,0.0
corpse,0.0,0.0
cost,0.0,0.0
cot,0.0,0.0
cottage,0.0,0.0
couch,0.0,0.0
could,0.0,0.0
counsel,0.0,0.0
count,0.0,0.0
countless,0.0,0.0
country,0.0,0.0
courage,0.0,0.0
course,0.0,0.0
court,0.0,0.0
courts,0.0,0.0
cover,0.0,0.0
covered,0.0,0.0
coward,0.0,0.0
cradle,0.0,0.0
craft,0.0,0.0
crash,0.0,0.0
crave,0.0,0.0
creation,0.0,0.0
creature,0.0,0.0
creatures,0.0,0.0
creed,0.0,0.0
creep,0.0,0.0
creeping,0.0,0.0
crept,0.0,0.0
crest,0.0,0.0
crew,0.0,0.0
cried,0.0,0.0
cries,0.0,0.0
crime,0.0,0.0
crimson,0.0,0.0
cross,0.0,0.0
crossed,0.0,0.0
crowd,0.0,0.0
crowded,0.0,0.0
crowds,0.0,0.0
crown,0.0,0.0
crowned,0.0,0.0
crowns,0.0,0.0
cruel,0.0,0.0
crush,0.0,0.0
crushed,0.0,0.0
cry,0.0,0.0
crying,0.0,0.0
crystal,0.0,0.0
cunning,0.0,0.0
cup,0.0,0.0
cups,0.0,0.0
cure,0.0,0.0
curious,0.0,0.0
curled,0.0,0.0
curls,0.0,0.0
current,0.0,0.0
curse,0.0,0.0
cursed,0.0,0.0
curtain,0.0,0.0
cut,0.0,0.0
d,0.0,0.0
daily,0.0,0.0
dainty,0.0,0.0
dame,0.0,0.0
damp,0.0,0.0
dance,0.0,0.0
danced,0.0,0.0
dancing,0.0,0.0
danger,0.0,0.0
dare,0.0,0.0
dared,0.0,0.0
dares,0.0,0.0
daring,0.0,0.0
dark,0.0,0.0
darkened,0.0,0.0
darkening,0.0,0.0
darker,0.0,0.0
darkest,0.0,0.0
darkly,0.0,0.0
darkness,0.0,0.0
darling,0.0,0.0
dart,0.0,0.0
dash,0.0,0.0
dashed,0.0,0.0
daughter,0.0,0.0
daughters,0.0,0.0
dawn,0.0,0.0
dawning,0.0,0.0
day,0.0,0.0
daylight,0.0,0.0
days,0.0,0.0
dazzling,0.0,0.0
de,0.0,0.0
dead,0.0,0.0
deadly,0.0,0.0
deaf,0.0,0.0
dear,0.0,0.0
dearer,0.0,0.0
dearest,0.0,0.0
death,0.0,0.0
deathless,0.0,0.0
decay,0.0,0.0
deck,0.0,0.0
decked,0.0,0.0
declare,0.0,0.0
deed,0.0,0.0
deeds,0.0,0.0
deem,0.0,0.0
deemed,0.0,0.0
deep,0.0,0.0
deeper,0.0,0.0
deepest,0.0,0.0
deeply,0.0,0.0
deer,0.0,0.0
delay,0.0,0.0
delicate,0.0,0.0
delicious,0.0,0.0
delight,0.0,0.0
delights,0.0,0.0
dell,0.0,0.0
demon,0.0,0.0
den,0.0,0.0
denied,0.0,0.0
deny,0.0,0.0
depart,0.0,0.0
departed,0.0,0.0
depth,0.0,0.0
depths,0.0,0.0
descend,0.0,0.0
descending,0.0,0.0
desert,0.0,0.0
deserted,0.0,0.0
desire,0.0,0.0
desires,0.0,0.0
desolate,0.0,0.0
desolation,0.0,0.0
despair,0.0,0.0
despite,0.0,0.0
destiny,0.0,0.0
destroy,0.0,0.0
devil,0.0,0.0
devotion,0.0,0.0
dew,0.0,0.0
dews,0.0,0.0
dewy,0.0,0.0
diamond,0.0,0.0
did,0.0,0.0
didst,0.0,0.0
die,0.0,0.0
died,0.0,0.0
dies,0.0,0.0
different,0.0,0.0
dim,0.0,0.0
dimly,0.0,0.0
dimmed,0.0,0.0
din,0.0,0.0
dire,0.0,0.0
dirge,0.0,0.0
disdain,0.0,0.0
disease,0.0,0.0
dismal,0.0,0.0
distance,0.0,0.0
distant,0.0,0.0
distress,0.0,0.0
divide,0.0,0.0
divine,0.0,0.0
do,0.0,0.0
does,0.0,0.0
dog,0.0,0.0
doing,0.0,0.0
dome,0.0,0.0
don't,0.0,0.0
done,0.0,0.0
doom,0.0,0.0
doomed,0.0,0.0
door,0.0,0.0
doors,0.0,0.0
dost,0.0,0.0
doth,0.0,0.0
double,0.0,0.0
doubt,0.0,0.0
doubts,0.0,0.0
dove,0.0,0.0
dower,0.0,0.0
down,0.0,0.0
downward,0.0,0.0
drank,0.0,0.0
draught,0.0,0.0
draw,0.0,0.0
drawing,0.0,0.0
drawn,0.0,0.0
draws,0.0,0.0
dread,0.0,0.0
dreadful,0.0,0.0
dream,0.0,0.0
dreamed,0.0,0.0
dreaming,0.0,0.0
dreams,0.0,0.0
dreamy,0.0,0.0
drear,0.0,0.0
dreary,0.0,0.0
dress,0.0,0.0
dressed,0.0,0.0
drew,0.0,0.0
drift,0.0,0.0
drifting,0.0,0.0
drink,0.0,0.0
dripping,0.0,0.0
drive,0.0,0.0
driven,0.0,0.0
drives,0.0,0.0
droop,0.0,0.0
drooping,0.0,0.0
drop,0.0,0.0
dropped,0.0,0.0
dropping,0.0,0.0
drops,0.0,0.0
drove,0.0,0.0
drown,0.0,0.0
drowned,0.0,0.0
drowsy,0.0,0.0
drum,0.0,0.0
drunk,0.0,0.0
dry,0.0,0.0
due,0.0,0.0
dull,0.0,0.0
dumb,0.0,0.0
dusk,0.0,0.0
dusky,0.0,0.0
dust,0.0,0.0
dusty,0.0,0.0
duty,0.0,0.0
dwell,0.0,0.0
dwelled,0.0,0.0
dwelling,0.0,0.0
dwells,0.0,0.0
dying,0.0,0.0
e,0.0,0.0
each,0.0,0.0
eager,0.0,0.0
eagle,0.0,0.0
ear,0.0,0.0
earliest,0.0,0.0
early,0.0,0.0
earnest,0.0,0.0
ears,0.0,0.0
earth,0.0,0.0
earthly,0.0,0.0
ease,0.0,0.0
east,0.0,0.0
eastern,0.0,0.0
easy,0.0,0.0
eat,0.0,0.0
echo,0.0,0.0
echoed,0.0,0.0
echoes,0.0,0.0
echoing,0.0,0.0
ecstasy,0.0,0.0
eden,0.0,0.0
edge,0.0,0.0
either,0.0,0.0
elder,0.0,0.0
else,0.0,0.0
embrace,0.0,0.0
emerald,0.0,0.0
empire,0.0,0.0
empty,0.0,0.0
enchanted,0.0,0.0
end,0.0,0.0
ended,0.0,0.0
ending,0.0,0.0
endless,0.0,0.0
ends,0.0,0.0
endure,0.0,0.0
england,0.0,0.0
english,0.0,0.0
enjoy,0.0,0.0
enough,0.0,0.0
enter,0.0,0.0
entered,0.0,0.0
envy,0.0,0.0
equal,0.0,0.0
ere,0.0,0.0
escape,0.0,0.0
estate,0.0,0.0
eternal,0.0,0.0
eternity,0.0,0.0
eve,0.0,0.0
even,0.0,0.0
evening,0.0,0.0
ever,0.0,0.0
everlasting,0.0,0.0
evermore,0.0,0.0
every,0.0,0.0
everything,0.0,0.0
everywhere,0.0,0.0
evil,0.0,0.0
except,0.0,0.0
exile,0.0,0.0
eye,0.0,0.0
eyed,0.0,0.0
eyelids,0.0,0.0
eyes,0.0,0.0
f,0.0,0.0
face,0.0,0.0
faced,0.0,0.0
faces,0.0,0.0
fact,0.0,0.0
fade,0.0,0.0
faded,0.0,0.0
fades,0.0,0.0
fading,0.0,0.0
fail,0.0,0.0
failed,0.0,0.0
failing,0.0,0.0
fails,0.0,0.0
fain,0.0,0.0
faint,0.0,0.0
fainting,0.0,0.0
faintly,0.0,0.0
fair,0.0,0.0
fairer,0.0,0.0
fairest,0.0,0.0
fairy,0.0,0.0
faith,0.0,0.0
faithful,0.0,0.0
faithless,0.0,0.0
fall,0.0,0.0
fallen,0.0,0.0
falling,0.0,0.0
falls,0.0,0.0
false,0.0,0.0
fame,0.0,0.0
familiar,0.0,0.0
fan,0.0,0.0
fancies,0.0,0.0
fancy,0.0,0.0
far,0.0,0.0
fare,0.0,0.0
farewell,0.0,0.0
farther,0.0,0.0
fashion,0.0,0.0
fashioned,0.0,0.0
fast,0.0,0.0
fatal,0.0,0.0
fate,0.0,0.0
father,0.0,0.0
fathers,0.0,0.0
fault,0.0,0.0
favour,0.0,0.0
favourite,0.0,0.0
fear,0.0,0.0
feared,0.0,0.0
fearful,0.0,0.0
fearless,0.0,0.0
fears,0.0,0.0
feast,0.0,0.0
features,0.0,0.0
fed,0.0,0.0
feeble,0.0,0.0
feed,0.0,0.0
feel,0.0,0.0
feeling,0.0,0.0
feelings,0.0,0.0
feels,0.0,0.0
feet,0.0,0.0
fell,0.0,0.0
fellow,0.0,0.0
felt,0.0,0.0
fever,0.0,0.0
few,0.0,0.0
field,0.0,0.0
fields,0.0,0.0
fierce,0.0,0.0
fiercely,0.0,0.0
fiery,0.0,0.0
fight,0.0,0.0
figure,0.0,0.0
fill,0.0,0.0
filled,0.0,0.0
filling,0.0,0.0
fills,0.0,0.0
final,0.0,0.0
find,0.0,0.0
finds,0.0,0.0
fine,0.0,0.0
finger,0.0,0.0
fingers,0.0,0.0
finished,0.0,0.0
fire,0.0,0.0
fires,0.0,0.0
firm,0.0,0.0
first,0.0,0.0
fish,0.0,0.0
fit,0.0,0.0
fitful,0.0,0.0
five,0.0,0.0
fixed,0.0,0.0
flag,0.0,0.0
flame,0.0,0.0
flames,0.0,0.0
flaming,0.0,0.0
flash,0.0,0.0
flashed,0.0,0.0
flashes,0.0,0.0
flashing,0.0,0.0
fled,0.0,0.0
flee,0.0,0.0
fleet,0.0,0.0
fleeting,0.0,0.0
flesh,0.0,0.0
flew,0.0,0.0
flies,0.0,0.0
flight,0.0,0.0
fling,0.0,0.0
flings,0.0,0.0
flit,0.0,0.0
float,0.0,0.0
floated,0.0,0.0
floating,0.0,0.0
floats,0.0,0.0
flock,0.0,0.0
flocks,0.0,0.0
flood,0.0,0.0
floods,0.0,0.0
floor,0.0,0.0
flow,0.0,0.0
flowed,0.0,0.0
flower,0.0,0.0
flowers,0.0,0.0
flowery,0.0,0.0
flowing,0.0,0.0
flown,0.0,0.0
flows,0.0,0.0
flung,0.0,0.0
flush,0.0,0.0
flushed,0.0,0.0
flutter,0.0,0.0
fluttering,0.0,0.0
fly,0.0,0.0
flying,0.0,0.0
foam,0.0,0.0
foaming,0.0,0.0
foe,0.0,0.0
foes,0.0,0.0
fold,0.0,0.0
folded,0.0,0.0
folds,0.0,0.0
folk,0.0,0.0
follow,0.0,0.0
followed,0.0,0.0
following,0.0,0.0
follows,0.0,0.0
folly,0.0,0.0
fond,0.0,0.0
fondly,0.0,0.0
food,0.0,0.0
fool,0.0,0.0
foolish,0.0,0.0
fools,0.0,0.0
foot,0.0,0.0
footsteps,0.0,0.0
for,0.0,0.0
force,0.0,0.0
forced,0.0,0.0
forehead,0.0,0.0
foreign,0.0,0.0
forest,0.0,0.0
forests,0.0,0.0
forever,0.0,0.0
forget,0.0,0.0
forgive,0.0,0.0
forgot,0.0,0.0
forgotten,0.0,0.0
forlorn,0.0,0.0
form,0.0,0.0
formed,0.0,0.0
former,0.0,0.0
forms,0.0,0.0
forsaken,0.0,0.0
forth,0.0,0.0
fortune,0.0,0.0
forward,0.0,0.0
fought,0.0,0.0
foul,0.0,0.0
found,0.0,0.0
fount,0.0,0.0
fountain,0.0,0.0
fountains,0.0,0.0
four,0.0,0.0
fragrance,0.0,0.0
fragrant,0.0,0.0
frail,0.0,0.0
frame,0.0,0.0
france,0.0,0.0
fraught,0.0,0.0
free,0.0,0.0
freed,0.0,0.0
freedom,0.0,0.0
freely,0.0,0.0
fresh,0.0,0.0
freshness,0.0,0.0
fret,0.0,0.0
friend,0.0,0.0
friendly,0.0,0.0
friends,0.0,0.0
friendship,0.0,0.0
fro,0.0,0.0
from,0.0,0.0
front,0.0,0.0
frost,0.0,0.0
frown,0.0,0.0
frozen,0.0,0.0
fruit,0.0,0.0
fruits,0.0,0.0
fulfil,0.0,0.0
full,0.0,0.0
funeral,0.0,0.0
further,0.0,0.0
fury,0.0,0.0
future,0.0,0.0
g,0.0,0.0
gaily,0.0,0.0
gain,0.0,0.0
gained,0.0,0.0
gains,0.0,0.0
gainst,0.0,0.0
gale,0.0,0.0
gallant,0.0,0.0
game,0.0,0.0
garb,0.0,0.0
garden,0.0,0.0
gardens,0.0,0.0
garment,0.0,0.0
garments,0.0,0.0
gate,0.0,0.0
gates,0.0,0.0
gather,0.0,0.0
gathered,0.0,0.0
gathering,0.0,0.0
gathers,0.0,0.0
gaunt,0.0,0.0
gave,0.0,0.0
gay,0.0,0.0
gaze,0.0,0.0
gazed,0.0,0.0
gazing,0.0,0.0
gem,0.0,0.0
gems,0.0,0.0
general,0.0,0.0
generous,0.0,0.0
genial,0.0,0.0
genius,0.0,0.0
gentle,0.0,0.0
gently,0.0,0.0
get,0.0,0.0
ghastly,0.0,0.0
ghost,0.0,0.0
ghostly,0.0,0.0
ghosts,0.0,0.0
giant,0.0,0.0
gift,0.0,0.0
gifts,0.0,0.0
gilded,0.0,0.0
girl,0.0,0.0
girls,0.0,0.0
girt,0.0,0.0
give,0.0,0.0
given,0.0,0.0
gives,0.0,0.0
giving,0.0,0.0
glad,0.0,0.0
glade,0.0,0.0
gladly,0.0,0.0
gladness,0.0,0.0
glance,0.0,0.0
glances,0.0,0.0
glancing,0.0,0.0
glare,0.0,0.0
glass,0.0,0.0
gleam,0.0,0.0
gleamed,0.0,0.0
gleaming,0.0,0.0
gleams,0.0,0.0
glee,0.0,0.0
glen,0.0,0.0
glide,0.0,0.0
glides,0.0,0.0
gliding,0.0,0.0
glimmering,0.0,0.0
glimpse,0.0,0.0
glistening,0.0,0.0
glittering,0.0,0.0
gloom,0.0,0.0
gloomy,0.0,0.0
glories,0.0,0.0
glorious,0.0,0.0
glory,0.0,0.0
glow,0.0,0.0
glowed,0.0,0.0
glowing,0.0,0.0
glows,0.0,0.0
go,0.0,0.0
goal,0.0,0.0
god,0.0,0.0
goddess,0.0,0.0
godlike,0.0,0.0
gods,0.0,0.0
goes,0.0,0.0
going,0.0,0.0
gold,0.0,0.0
golden,0.0,0.0
gone,0.0,0.0
good,0.0,0.0
goodbye,0.0,0.0
goodly,0.0,0.0
goodness,0.0,0.0
gorgeous,0.0,0.0
got,0.0,0.0
gown,0.0,0.0
grace,0.0,0.0
graceful,0.0,0.0
graces,0.0,0.0
gracious,0.0,0.0
grain,0.0,0.0
grand,0.0,0.0
grandeur,0.0,0.0
grant,0.0,0.0
grasp,0.0,0.0
grass,0.0,0.0
grasses,0.0,0.0
grassy,0.0,0.0
grateful,0.0,0.0
gratitude,0.0,0.0
grave,0.0,0.0
graves,0.0,0.0
great,0.0,0.0
greater,0.0,0.0
greatest,0.0,0.0
greek,0.0,0.0
green,0.0,0.0
greet,0.0,0.0
greeting,0.0,0.0
grew,0.0,0.0
grey,0.0,0.0
grief,0.0,0.0
griefs,0.0,0.0
grieve,0.0,0.0
grim,0.0,0.0
groan,0.0,0.0
groans,0.0,0.0
ground,0.0,0.0
grove,0.0,0.0
groves,0.0,0.0
grow,0.0,0.0
growing,0.0,0.0
grown,0.0,0.0
grows,0.0,0.0
growth,0.0,0.0
guard,0.0,0.0
guarded,0.0,0.0
guardian,0.0,0.0
guards,0.0,0.0
guess,0.0,0.0
guest,0.0,0.0
guide,0.0,0.0
guilt,0.0,0.0
guilty,0.0,0.0
guise,0.0,0.0
gulf,0.0,0.0
h,0.0,0.0
had,0.0,0.0
hadst,0.0,0.0
hail,0.0,0.0
hailed,0.0,0.0
hair,0.0,0.0
haired,0.0,0.0
half,0.0,0.0
hall,0.0,0.0
hallowed,0.0,0.0
halls,0.0,0.0
hand,0.0,0.0
hands,0.0,0.0
hang,0.0,0.0
hanging,0.0,0.0
hangs,0.0,0.0
haply,0.0,0.0
happier,0.0,0.0
happiness,0.0,0.0
happy,0.0,0.0
hard,0.0,0.0
hardly,0.0,0.0
hark,0.0,0.0
harm,0.0,0.0
harmony,0.0,0.0
harp,0.0,0.0
harsh,0.0,0.0
harvest,0.0,0.0
has,0.0,0.0
hast,0.0,0.0
haste,0.0,0.0
hasten,0.0,0.0
hat,0.0,0.0
hate,0.0,0.0
hath,0.0,0.0
haughty,0.0,0.0
haunt,0.0,0.0
haunted,0.0,0.0
haunts,0.0,0.0
have,0.0,0.0
having,0.0,0.0
haze,0.0,0.0
he,0.0,0.0
he's,0.0,0.0
head,0.0,0.0
heads,0.0,0.0
heal,0.0,0.0
healing,0.0,0.0
health,0.0,0.0
heap,0.0,0.0
hear,0.0,0.0
heard,0.0,0.0
hearing,0.0,0.0
hears,0.0,0.0
heart,0.0,0.0
hearted,0.0,0.0
hearth,0.0,0.0
hearts,0.0,0.0
heat,0.0,0.0
heaven,0.0,0.0
heavenly,0.0,0.0
heavens,0.0,0.0
heaving,0.0,0.0
heavy,0.0,0.0
heed,0.0,0.0
heedless,0.0,0.0
height,0.0,0.0
heights,0.0,0.0
heir,0.0,0.0
held,0.0,0.0
hell,0.0,0.0
helm,0.0,0.0
help,0.0,0.0
helpless,0.0,0.0
hence,0.0,0.0
henceforth,0.0,0.0
her,0.0,0.0
here,0.0,0.0
hero,0.0,0.0
heroes,0.0,0.0
heroic,0.0,0.0
hers,0.0,0.0
herself,0.0,0.0
hid,0.0,0.0
hidden,0.0,0.0
hide,0.0,0.0
hides,0.0,0.0
hiding,0.0,0.0
high,0.0,0.0
higher,0.0,0.0
highest,0.0,0.0
hill,0.0,0.0
hills,0.0,0.0
him,0.0,0.0
himself,0.0,0.0
his,0.0,0.0
history,0.0,0.0
hither,0.0,0.0
ho,0.0,0.0
hoarse,0.0,0.0
hoary,0.0,0.0
hold,0.0,0.0
holding,0.0,0.0
holds,0.0,0.0
hollow,0.0,0.0
holy,0.0,0.0
homage,0.0,0.0
home,0.0,0.0
homes,0.0,0.0
homeward,0.0,0.0
honest,0.0,0.0
honey,0.0,0.0
honour,0.0,0.0
honoured,0.0,0.0
honours,0.0,0.0
hope,0.0,0.0
hoped,0.0,0.0
hopeless,0.0,0.0
hopes,0.0,0.0
horizon,0.0,0.0
horn,0.0,0.0
horror,0.0,0.0
horse,0.0,0.0
horses,0.0,0.0
host,0.0,0.0
hosts,0.0,0.0
hot,0.0,0.0
hour,0.0,0.0
hours,0.0,0.0
house,0.0,0.0
household,0.0,0.0
houses,0.0,0.0
how,0.0,0.0
however,0.0,0.0
hue,0.0,0.0
hues,0.0,0.0
huge,0.0,0.0
hum,0.0,0.0
human,0.0,0.0
humanity,0.0,0.0
humble,0.0,0.0
hundred,0.0,0.0
hung,0.0,0.0
hunger,0.0,0.0
hungry,0.0,0.0
hurled,0.0,0.0
hurried,0.0,0.0
hurrying,0.0,0.0
hurt,0.0,0.0
husband,0.0,0.0
hush,0.0,0.0
hushed,0.0,0.0
hut,0.0,0.0
hymn,0.0,0.0
i,0.0,0.0
i'd,0.0,0.0
i'll,0.0,0.0
i'm,0.0,0.0
i've,0.0,0.0
ice,0.0,0.0
icy,0.0,0.0
idle,0.0,0.0
idly,0.0,0.0
idol,0.0,0.0
if,0.0,0.0
ill,0.0,0.0
ills,0.0,0.0
image,0.0,0.0
immortal,0.0,0.0
immortality,0.0,0.0
impart,0.0,0.0
impatient,0.0,0.0
imperial,0.0,0.0
impulse,0.0,0.0
in,0.0,0.0
incense,0.0,0.0
increase,0.0,0.0
indeed,0.0,0.0
indian,0.0,0.0
infant,0.0,0.0
infinite,0.0,0.0
influence,0.0,0.0
inmost,0.0,0.0
inner,0.0,0.0
innocence,0.0,0.0
innocent,0.0,0.0
inspired,0.0,0.0
instant,0.0,0.0
instead,0.0,0.0
intense,0.0,0.0
intent,0.0,0.0
into,0.0,0.0
invisible,0.0,0.0
inward,0.0,0.0
iron,0.0,0.0
is,0.0,0.0
island,0.0,0.0
isle,0.0,0.0
isles,0.0,0.0
it,0.0,0.0
it's,0.0,0.0
its,0.0,0.0
itself,0.0,0.0
ivy,0.0,0.0
j,0.0,0.0
jealous,0.0,0.0
jest,0.0,0.0
jesus,0.0,0.0
jewel,0.0,0.0
jewelled,0.0,0.0
jewels,0.0,0.0
john,0.0,0.0
join,0.0,0.0
joined,0.0,0.0
journey,0.0,0.0
joy,0.0,0.0
joyful,0.0,0.0
joyous,0.0,0.0
joys,0.0,0.0
judge,0.0,0.0
judgement,0.0,0.0
june,0.0,0.0
just,0.0,0.0
justice,0.0,0.0
k,0.0,0.0
keen,0.0,0.0
keep,0.0,0.0
keeping,0.0,0.0
keeps,0.0,0.0
ken,0.0,0.0
kept,0.0,0.0
key,0.0,0.0
kill,0.0,0.0
kin,0.0,0.0
kind,0.0,0.0
kindled,0.0,0.0
kindling,0.0,0.0
kindly,0.0,0.0
kindness,0.0,0.0
kindred,0.0,0.0
king,0.0,0.0
kingdom,0.0,0.0
kingly,0.0,0.0
kings,0.0,0.0
kiss,0.0,0.0
kissed,0.0,0.0
kisses,0.0,0.0
knee,0.0,0.0
kneel,0.0,0.0
kneeling,0.0,0.0
knees,0.0,0.0
knell,0.0,0.0
knelt,0.0,0.0
knew,0.0,0.0
knife,0.0,0.0
knight,0.0,0.0
know,0.0,0.0
knowing,0.0,0.0
knowledge,0.0,0.0
known,0.0,0.0
knows,0.0,0.0
labour,0.0,0.0
labours,0.0,0.0
lack,0.0,0.0
lad,0.0,0.0
laden,0.0,0.0
ladies,0.0,0.0
lady,0.0,0.0
laid,0.0,0.0
lain,0.0,0.0
lair,0.0,0.0
lake,0.0,0.0
lamb,0.0,0.0
lamp,0.0,0.0
lamps,0.0,0.0
land,0.0,0.0
lands,0.0,0.0
landscape,0.0,0.0
lane,0.0,0.0
language,0.0,0.0
languid,0.0,0.0
lap,0.0,0.0
large,0.0,0.0
lark,0.0,0.0
last,0.0,0.0
late,0.0,0.0
lately,0.0,0.0
later,0.0,0.0
latest,0.0,0.0
laugh,0.0,0.0
laughed,0.0,0.0
laughing,0.0,0.0
laughs,0.0,0.0
laughter,0.0,0.0
laurel,0.0,0.0
law,0.0,0.0
lawn,0.0,0.0
laws,0.0,0.0
lay,0.0,0.0
lays,0.0,0.0
lea,0.0,0.0
lead,0.0,0.0
leader,0.0,0.0
leading,0.0,0.0
leads,0.0,0.0
leaf,0.0,0.0
leafy,0.0,0.0
lean,0.0,0.0
leaned,0.0,0.0
leaning,0.0,0.0
leap,0.0,0.0
leaping,0.0,0.0
leaps,0.0,0.0
leapt,0.0,0.0
learn,0.0,0.0
learned,0.0,0.0
learning,0.0,0.0
least,0.0,0.0
leave,0.0,0.0
leaves,0.0,0.0
leaving,0.0,0.0
led,0.0,0.0
left,0.0,0.0
legend,0.0,0.0
lend,0.0,0.0
length,0.0,0.0
lent,0.0,0.0
less,0.0,0.0
lesson,0.0,0.0
lest,0.0,0.0
let,0.0,0.0
letter,0.0,0.0
letters,0.0,0.0
level,0.0,0.0
liberty,0.0,0.0
lie,0.0,0.0
lies,0.0,0.0
life,0.0,0.0
lift,0.0,0.0
lifted,0.0,0.0
lifting,0.0,0.0
lifts,0.0,0.0
light,0.0,0.0
lighted,0.0,0.0
lightly,0.0,0.0
lightning,0.0,0.0
lightnings,0.0,0.0
lights,0.0,0.0
like,0.0,0.0
lilies,0.0,0.0
lily,0.0,0.0
limb,0.0,0.0
limbs,0.0,0.0
line,0.0,0.0
lines,0.0,0.0
linger,0.0,0.0
lingered,0.0,0.0
lingering,0.0,0.0
lingers,0.0,0.0
linked,0.0,0.0
lion,0.0,0.0
lip,0.0,0.0
lips,0.0,0.0
liquid,0.0,0.0
list,0.0,0.0
listen,0.0,0.0
listened,0.0,0.0
listening,0.0,0.0
lit,0.0,0.0
little,0.0,0.0
live,0.0,0.0
lived,0.0,0.0
lives,0.0,0.0
living,0.0,0.0
lo,0.0,0.0
load,0.0,0.0
locked,0.0,0.0
locks,0.0,0.0
lofty,0.0,0.0
london,0.0,0.0
lone,0.0,0.0
loneliness,0.0,0.0
lonely,0.0,0.0
long,0.0,0.0
longed,0.0,0.0
longer,0.0,0.0
longing,0.0,0.0
look,0.0,0.0
looked,0.0,0.0
looking,0.0,0.0
looks,0.0,0.0
loom,0.0,0.0
loose,0.0,0.0
lord,0.0,0.0
lords,0.0,0.0
lore,0.0,0.0
lose,0.0,0.0
loss,0.0,0.0
lost,0.0,0.0
lot,0.0,0.0
loud,0.0,0.0
louder,0.0,0.0
love,0.0,0.0
loved,0.0,0.0
lovelier,0.0,0.0
loveliest,0.0,0.0
loveliness,0.0,0.0
lovely,0.0,0.0
lover,0.0,0.0
lovers,0.0,0.0
loves,0.0,0.0
loving,0.0,0.0
low,0.0,0.0
lower,0.0,0.0
lowly,0.0,0.0
loyal,0.0,0.0
lure,0.0,0.0
lurid,0.0,0.0
lust,0.0,0.0
lustre,0.0,0.0
lute,0.0,0.0
lying,0.0,0.0
lyre,0.0,0.0
m,0.0,0.0
mad,0.0,0.0
made,0.0,0.0
madness,0.0,0.0
magic,0.0,0.0
maid,0.0,0.0
maiden,0.0,0.0
maidens,0.0,0.0
maids,0.0,0.0
main,0.0,0.0
majestic,0.0,0.0
majesty,0.0,0.0
make,0.0,0.0
maker,0.0,0.0
makes,0.0,0.0
making,0.0,0.0
man,0.0,0.0
manhood,0.0,0.0
mankind,0.0,0.0
manly,0.0,0.0
mantle,0.0,0.0
many,0.0,0.0
mar,0.0,0.0
marble,0.0,0.0
march,0.0,0.0
mark,0.0,0.0
marked,0.0,0.0
marks,0.0,0.0
marriage,0.0,0.0
mars,0.0,0.0
martyr,0.0,0.0
marvel,0.0,0.0
mary,0.0,0.0
mass,0.0,0.0
master,0.0,0.0
mate,0.0,0.0
matter,0.0,0.0
may,0.0,0.0
maze,0.0,0.0
me,0.0,0.0
meadow,0.0,0.0
meadows,0.0,0.0
mean,0.0,0.0
meaning,0.0,0.0
means,0.0,0.0
meant,0.0,0.0
measure,0.0,0.0
measured,0.0,0.0
meek,0.0,0.0
meet,0.0,0.0
meeting,0.0,0.0
meets,0.0,0.0
melancholy,0.0,0.0
mellow,0.0,0.0
melodious,0.0,0.0
melody,0.0,0.0
melt,0.0,0.0
melted,0.0,0.0
melting,0.0,0.0
memories,0.0,0.0
memory,0.0,0.0
men,0.0,0.0
mercy,0.0,0.0
mere,0.0,0.0
merry,0.0,0.0
message,0.0,0.0
met,0.0,0.0
methinks,0.0,0.0
mid,0.0,0.0
midnight,0.0,0.0
midst,0.0,0.0
mien,0.0,0.0
might,0.0,0.0
mighty,0.0,0.0
mild,0.0,0.0
mile,0.0,0.0
miles,0.0,0.0
milk,0.0,0.0
million,0.0,0.0
millions,0.0,0.0
mind,0.0,0.0
minds,0.0,0.0
mine,0.0,0.0
mingle,0.0,0.0
mingled,0.0,0.0
mingling,0.0,0.0
minstrel,0.0,0.0
mirror,0.0,0.0
mirth,0.0,0.0
misery,0.0,0.0
miss,0.0,0.0
missed,0.0,0.0
mission,0.0,0.0
mist,0.0,0.0
mistress,0.0,0.0
mists,0.0,0.0
misty,0.0,0.0
mixed,0.0,0.0
moan,0.0,0.0
moaning,0.0,0.0
mock,0.0,0.0
mocked,0.0,0.0
mocking,0.0,0.0
modern,0.0,0.0
modest,0.0,0.0
moment,0.0,0.0
moments,0.0,0.0
monarch,0.0,0.0
money,0.0,0.0
monster,0.0,0.0
month,0.0,0.0
months,0.0,0.0
mood,0.0,0.0
moon,0.0,0.0
moonlight,0.0,0.0
moral,0.0,0.0
more,0.0,0.0
morn,0.0,0.0
morning,0.0,0.0
morrow,0.0,0.0
mortal,0.0,0.0
mortals,0.0,0.0
moss,0.0,0.0
mossy,0.0,0.0
most,0.0,0.0
mother,0.0,0.0
mothers,0.0,0.0
motion,0.0,0.0
mould,0.0,0.0
mound,0.0,0.0
mount,0.0,0.0
mountain,0.0,0.0
mountains,0.0,0.0
mourn,0.0,0.0
mourned,0.0,0.0
mournful,0.0,0.0
mourning,0.0,0.0
mouth,0.0,0.0
move,0.0,0.0
moved,0.0,0.0
moves,0.0,0.0
moving,0.0,0.0
much,0.0,0.0
multitude,0.0,0.0
murmur,0.0,0.0
murmured,0.0,0.0
murmuring,0.0,0.0
murmurs,0.0,0.0
muse,0.0,0.0
music,0.0,0.0
musical,0.0,0.0
musing,0.0,0.0
must,0.0,0.0
mute,0.0,0.0
my,0.0,0.0
myriad,0.0,0.0
myself,0.0,0.0
mysteries,0.0,0.0
mysterious,0.0,0.0
mystery,0.0,0.0
mystic,0.0,0.0
n,0.0,0.0
naked,0.0,0.0
name,0.0,0.0
named,0.0,0.0
nameless,0.0,0.0
names,0.0,0.0
narrow,0.0,0.0
nation,0.0,0.0
nations,0.0,0.0
native,0.0,0.0
natural,0.0,0.0
nature,0.0,0.0
nay,0.0,0.0
near,0.0,0.0
nearer,0.0,0.0
neath,0.0,0.0
neck,0.0,0.0
need,0.0,0.0
needed,0.0,0.0
needs,0.0,0.0
neighbour,0.0,0.0
neither,0.0,0.0
nest,0.0,0.0
never,0.0,0.0
new,0.0,0.0
newborn,0.0,0.0
news,0.0,0.0
next,0.0,0.0
nigh,0.0,0.0
night,0.0,0.0
nightingale,0.0,0.0
nightly,0.0,0.0
nights,0.0,0.0
nine,0.0,0.0
no,0.0,0.0
noble,0.0,0.0
nobler,0.0,0.0
noblest,0.0,0.0
nobly,0.0,0.0
nod,0.0,0.0
noise,0.0,0.0
noisy,0.0,0.0
none,0.0,0.0
nook,0.0,0.0
noon,0.0,0.0
noonday,0.0,0.0
nor,0.0,0.0
north,0.0,0.0
northern,0.0,0.0
not,0.0,0.0
note,0.0,0.0
notes,0.0,0.0
nothing,0.0,0.0
nought,0.0,0.0
now,0.0,0.0
number,0.0,0.0
numbers,0.0,0.0
nurse,0.0,0.0
nursed,0.0,0.0
o,0.0,0.0
oak,0.0,0.0
obey,0.0,0.0
oblivion,0.0,0.0
ocean,0.0,0.0
odours,0.0,0.0
of,0.0,0.0
off,0.0,0.0
offer,0.0,0.0
oft,0.0,0.0
often,0.0,0.0
oh,0.0,0.0
oil,0.0,0.0
old,0.0,0.0
olden,0.0,0.0
on,0.0,0.0
once,0.0,0.0
one,0.0,0.0
ones,0.0,0.0
only,0.0,0.0
onward,0.0,0.0
open,0.0,0.0
opened,0.0,0.0
opening,0.0,0.0
opens,0.0,0.0
oppressed,0.0,0.0
or,0.0,0.0
orange,0.0,0.0
orb,0.0,0.0
orchard,0.0,0.0
order,0.0,0.0
other,0.0,0.0
others,0.0,0.0
ought,0.0,0.0
our,0.0,0.0
ours,0.0,0.0
ourselves,0.0,0.0
out,0.0,0.0
outer,0.0,0.0
outside,0.0,0.0
outward,0.0,0.0
over,0.0,0.0
overhead,0.0,0.0
own,0.0,0.0
p,0.0,0.0
pace,0.0,0.0
page,0.0,0.0
pages,0.0,0.0
paid,0.0,0.0
pain,0.0,0.0
pains,0.0,0.0
paint,0.0,0.0
painted,0.0,0.0
pair,0.0,0.0
palace,0.0,0.0
palaces,0.0,0.0
pale,0.0,0.0
pall,0.0,0.0
pallid,0.0,0.0
palm,0.0,0.0
palms,0.0,0.0
pang,0.0,0.0
pangs,0.0,0.0
panting,0.0,0.0
paradise,0.0,0.0
pardon,0.0,0.0
parent,0.0,0.0
parents,0.0,0.0
part,0.0,0.0
parted,0.0,0.0
parting,0.0,0.0
parts,0.0,0.0
pass,0.0,0.0
passage,0.0,0.0
passed,0.0,0.0
passes,0.0,0.0
passing,0.0,0.0
passion,0.0,0.0
passionate,0.0,0.0
passions,0.0,0.0
past,0.0,0.0
path,0.0,0.0
paths,0.0,0.0
pathway,0.0,0.0
patience,0.0,0.0
patient,0.0,0.0
pause,0.0,0.0
paused,0.0,0.0
pay,0.0,0.0
peace,0.0,0.0
peaceful,0.0,0.0
peak,0.0,0.0
pearl,0.0,0.0
pearls,0.0,0.0
pearly,0.0,0.0
peasant,0.0,0.0
peer,0.0,0.0
pen,0.0,0.0
pensive,0.0,0.0
people,0.0,0.0
perchance,0.0,0.0
perfect,0.0,0.0
perfume,0.0,0.0
perhaps,0.0,0.0
perish,0.0,0.0
perished,0.0,0.0
petals,0.0,0.0
phantom,0.0,0.0
phantoms,0.0,0.0
picture,0.0,0.0
pictured,0.0,0.0
pictures,0.0,0.0
pierce,0.0,0.0
pierced,0.0,0.0
piercing,0.0,0.0
pile,0.0,0.0
piled,0.0,0.0
pilgrim,0.0,0.0
pillow,0.0,0.0
pine,0.0,0.0
pines,0.0,0.0
pinions,0.0,0.0
pink,0.0,0.0
pious,0.0,0.0
pipe,0.0,0.0
piteous,0.0,0.0
pity,0.0,0.0
pitying,0.0,0.0
place,0.0,0.0
placed,0.0,0.0
places,0.0,0.0
placid,0.0,0.0
plain,0.0,0.0
plains,0.0,0.0
plaintive,0.0,0.0
plan,0.0,0.0
plant,0.0,0.0
planted,0.0,0.0
play,0.0,0.0
played,0.0,0.0
playing,0.0,0.0
plays,0.0,0.0
plead,0.0,0.0
pleading,0.0,0.0
pleasant,0.0,0.0
please,0.0,0.0
pleased,0.0,0.0
pleasure,0.0,0.0
pleasures,0.0,0.0
pledge,0.0,0.0
plenty,0.0,0.0
plough,0.0,0.0
pluck,0.0,0.0
plucked,0.0,0.0
plume,0.0,0.0
plumes,0.0,0.0
plunged,0.0,0.0
poem,0.0,0.0
poems,0.0,0.0
poet,0.0,0.0
poets,0.0,0.0
point,0.0,0.0
pointed,0.0,0.0
points,0.0,0.0
poison,0.0,0.0
pole,0.0,0.0
pomp,0.0,0.0
pool,0.0,0.0
poor,0.0,0.0
port,0.0,0.0
portal,0.0,0.0
portals,0.0,0.0
portion,0.0,0.0
possess,0.0,0.0
possessed,0.0,0.0
pour,0.0,0.0
poured,0.0,0.0
pours,0.0,0.0
poverty,0.0,0.0
power,0.0,0.0
powers,0.0,0.0
praise,0.0,0.0
praised,0.0,0.0
praises,0.0,0.0
pray,0.0,0.0
prayed,0.0,0.0
prayer,0.0,0.0
prayers,0.0,0.0
precious,0.0,0.0
prepare,0.0,0.0
prepared,0.0,0.0
presence,0.0,0.0
present,0.0,0.0
press,0.0,0.0
pressed,0.0,0.0
pretty,0.0,0.0
prey,0.0,0.0
price,0.0,0.0
pride,0.0,0.0
priest,0.0,0.0
priests,0.0,0.0
prime,0.0,0.0
prince,0.0,0.0
prison,0.0,0.0
prize,0.0,0.0
proclaim,0.0,0.0
profound,0.0,0.0
promise,0.0,0.0
promised,0.0,0.0
prone,0.0,0.0
proof,0.0,0.0
prophet,0.0,0.0
proud,0.0,0.0
proudly,0.0,0.0
prove,0.0,0.0
proved,0.0,0.0
public,0.0,0.0
pulse,0.0,0.0
pulses,0.0,0.0
pure,0.0,0.0
purer,0.0,0.0
purest,0.0,0.0
purity,0.0,0.0
purple,0.0,0.0
purpose,0.0,0.0
pursue,0.0,0.0
put,0.0,0.0
quaint,0.0,0.0
queen,0.0,0.0
quench,0.0,0.0
quenched,0.0,0.0
quest,0.0,0.0
question,0.0,0.0
quick,0.0,0.0
quickly,0.0,0.0
quiet,0.0,0.0
quite,0.0,0.0
quiver,0.0,0.0
quivering,0.0,0.0
r,0.0,0.0
race,0.0,0.0
radiance,0.0,0.0
radiant,0.0,0.0
rage,0.0,0.0
raging,0.0,0.0
rain,0.0,0.0
rainbow,0.0,0.0
rains,0.0,0.0
raise,0.0,0.0
raised,0.0,0.0
ran,0.0,0.0
rang,0.0,0.0
range,0.0,0.0
rank,0.0,0.0
ranks,0.0,0.0
rapid,0.0,0.0
rapt,0.0,0.0
rapture,0.0,0.0
rare,0.0,0.0
rather,0.0,0.0
ray,0.0,0.0
rays,0.0,0.0
re,0.0,0.0
reach,0.0,0.0
reached,0.0,0.0
read,0.0,0.0
reading,0.0,0.0
ready,0.0,0.0
real,0.0,0.0
realm,0.0,0.0
realms,0.0,0.0
reap,0.0,0.0
rear,0.0,0.0
reared,0.0,0.0
reason,0.0,0.0
recall,0.0,0.0
receive,0.0,0.0
received,0.0,0.0
reckless,0.0,0.0
record,0.0,0.0
red,0.0,0.0
reed,0.0,0.0
reflected,0.0,0.0
refrain,0.0,0.0
refuge,0.0,0.0
refuse,0.0,0.0
regal,0.0,0.0
regions,0.0,0.0
regret,0.0,0.0
reign,0.0,0.0
reigns,0.0,0.0
rejoice,0.0,0.0
rejoicing,0.0,0.0
relief,0.0,0.0
remain,0.0,0.0
remains,0.0,0.0
remember,0.0,0.0
remembered,0.0,0.0
remembrance,0.0,0.0
remote,0.0,0.0
rend,0.0,0.0
renew,0.0,0.0
renown,0.0,0.0
rent,0.0,0.0
repeat,0.0,0.0
replied,0.0,0.0
reply,0.0,0.0
repose,0.0,0.0
rest,0.0,0.0
rested,0.0,0.0
resting,0.0,0.0
restless,0.0,0.0
restore,0.0,0.0
rests,0.0,0.0
retreat,0.0,0.0
return,0.0,0.0
returned,0.0,0.0
returning,0.0,0.0
returns,0.0,0.0
reveal,0.0,0.0
revealed,0.0,0.0
revel,0.0,0.0
reverence,0.0,0.0
reward,0.0,0.0
rhyme,0.0,0.0
rich,0.0,0.0
richer,0.0,0.0
riches,0.0,0.0
richest,0.0,0.0
ride,0.0,0.0
rides,0.0,0.0
rife,0.0,0.0
right,0.0,0.0
righteous,0.0,0.0
rill,0.0,0.0
rills,0.0,0.0
rim,0.0,0.0
ring,0.0,0.0
ringing,0.0,0.0
rings,0.0,0.0
ripe,0.0,0.0
rippling,0.0,0.0
rise,0.0,0.0
risen,0.0,0.0
rises,0.0,0.0
rising,0.0,0.0
rival,0.0,0.0
riven,0.0,0.0
river,0.0,0.0
rivers,0.0,0.0
road,0.0,0.0
roam,0.0,0.0
roar,0.0,0.0
roaring,0.0,0.0
robe,0.0,0.0
robed,0.0,0.0
robes,0.0,0.0
rock,0.0,0.0
rocks,0.0,0.0
rocky,0.0,0.0
rod,0.0,0.0
rode,0.0,0.0
roll,0.0,0.0
rolled,0.0,0.0
rolling,0.0,0.0
rolls,0.0,0.0
roman,0.0,0.0
rome,0.0,0.0
roof,0.0,0.0
room,0.0,0.0
root,0.0,0.0
roots,0.0,0.0
rose,0.0,0.0
roses,0.0,0.0
rosy,0.0,0.0
rough,0.0,0.0
round,0.0,0.0
rouse,0.0,0.0
roused,0.0,0.0
rout,0.0,0.0
row,0.0,0.0
royal,0.0,0.0
ruddy,0.0,0.0
rude,0.0,0.0
rugged,0.0,0.0
ruin,0.0,0.0
ruined,0.0,0.0
ruins,0.0,0.0
rule,0.0,0.0
ruled,0.0,0.0
rules,0.0,0.0
run,0.0,0.0
running,0.0,0.0
runs,0.0,0.0
rush,0.0,0.0
rushed,0.0,0.0
rushes,0.0,0.0
rushing,0.0,0.0
rustling,0.0,0.0
s,0.0,0.0
sabbath,0.0,0.0
sacred,0.0,0.0
sacrifice,0.0,0.0
sad,0.0,0.0
sadly,0.0,0.0
sadness,0.0,0.0
safe,0.0,0.0
safely,0.0,0.0
safety,0.0,0.0
sage,0.0,0.0
said,0.0,0.0
sail,0.0,0.0
sailed,0.0,0.0
sailing,0.0,0.0
sails,0.0,0.0
saint,0.0,0.0
saints,0.0,0.0
saith,0.0,0.0
sake,0.0,0.0
salt,0.0,0.0
same,0.0,0.0
sand,0.0,0.0
sands,0.0,0.0
sang,0.0,0.0
sank,0.0,0.0
sat,0.0,0.0
savage,0.0,0.0
save,0.0,0.0
saved,0.0,0.0
saviour,0.0,0.0
saw,0.0,0.0
say,0.0,0.0
saying,0.0,0.0
says,0.0,0.0
scan,0.0,0.0
scarce,0.0,0.0
scarcely,0.0,0.0
scarlet,0.0,0.0
scatter,0.0,0.0
scattered,0.0,0.0
scene,0.0,0.0
scenes,0.0,0.0
scent,0.0,0.0
scented,0.0,0.0
sceptre,0.0,0.0
school,0.0,0.0
science,0.0,0.0
score,0.0,0.0
scorn,0.0,0.0
scorned,0.0,0.0
scroll,0.0,0.0
sea,0.0,0.0
seal,0.0,0.0
sealed,0.0,0.0
search,0.0,0.0
searching,0.0,0.0
seas,0.0,0.0
season,0.0,0.0
seasons,0.0,0.0
seat,0.0,0.0
second,0.0,0.0
secret,0.0,0.0
secrets,0.0,0.0
secure,0.0,0.0
see,0.0,0.0
seed,0.0,0.0
seeds,0.0,0.0
seeing,0.0,0.0
seek,0.0,0.0
seeking,0.0,0.0
seeks,0.0,0.0
seem,0.0,0.0
seemed,0.0,0.0
seeming,0.0,0.0
seems,0.0,0.0
seen,0.0,0.0
sees,0.0,0.0
seize,0.0,0.0
seized,0.0,0.0
seldom,0.0,0.0
self,0.0,0.0
selfish,0.0,0.0
send,0.0,0.0
sends,0.0,0.0
sense,0.0,0.0
senses,0.0,0.0
sent,0.0,0.0
serene,0.0,0.0
serpent,0.0,0.0
servant,0.0,0.0
serve,0.0,0.0
served,0.0,0.0
service,0.0,0.0
set,0.0,0.0
sets,0.0,0.0
setting,0.0,0.0
seven,0.0,0.0
shade,0.0,0.0
shades,0.0,0.0
shadow,0.0,0.0
shadows,0.0,0.0
shadowy,0.0,0.0
shady,0.0,0.0
shaft,0.0,0.0
shake,0.0,0.0
shaken,0.0,0.0
shakes,0.0,0.0
shall,0.0,0.0
shalt,0.0,0.0
shame,0.0,0.0
shape,0.0,0.0
shapes,0.0,0.0
share,0.0,0.0
shared,0.0,0.0
sharp,0.0,0.0
shattered,0.0,0.0
she,0.0,0.0
shed,0.0,0.0
sheen,0.0,0.0
sheep,0.0,0.0
shell,0.0,0.0
shelter,0.0,0.0
shepherd,0.0,0.0
shield,0.0,0.0
shine,0.0,0.0
shines,0.0,0.0
shining,0.0,0.0
ship,0.0,0.0
ships,0.0,0.0
shivering,0.0,0.0
shock,0.0,0.0
shone,0.0,0.0
shook,0.0,0.0
shore,0.0,0.0
shores,0.0,0.0
short,0.0,0.0
shot,0.0,0.0
should,0.0,0.0
shoulder,0.0,0.0
shoulders,0.0,0.0
shout,0.0,0.0
shouts,0.0,0.0
show,0.0,0.0
showed,0.0,0.0
shower,0.0,0.0
showers,0.0,0.0
shown,0.0,0.0
shows,0.0,0.0
shriek,0.0,0.0
shrill,0.0,0.0
shrine,0.0,0.0
shrink,0.0,0.0
shroud,0.0,0.0
shuddering,0.0,0.0
shun,0.0,0.0
shut,0.0,0.0
shy,0.0,0.0
sick,0.0,0.0
side,0.0,0.0
sides,0.0,0.0
sigh,0.0,0.0
sighed,0.0,0.0
sighing,0.0,0.0
sighs,0.0,0.0
sight,0.0,0.0
sights,0.0,0.0
sign,0.0,0.0
signal,0.0,0.0
signs,0.0,0.0
silence,0.0,0.0
silent,0.0,0.0
silently,0.0,0.0
silk,0.0,0.0
silken,0.0,0.0
silver,0.0,0.0
silvery,0.0,0.0
simple,0.0,0.0
sin,0.0,0.0
since,0.0,0.0
sing,0.0,0.0
singing,0.0,0.0
single,0.0,0.0
sings,0.0,0.0
sink,0.0,0.0
sinking,0.0,0.0
sinks,0.0,0.0
sins,0.0,0.0
sir,0.0,0.0
sire,0.0,0.0
sister,0.0,0.0
sisters,0.0,0.0
sit,0.0,0.0
sits,0.0,0.0
sitting,0.0,0.0
six,0.0,0.0
skies,0.0,0.0
skill,0.0,0.0
skin,0.0,0.0
sky,0.0,0.0
slain,0.0,0.0
slave,0.0,0.0
slaves,0.0,0.0
slay,0.0,0.0
sleep,0.0,0.0
sleeping,0.0,0.0
sleeps,0.0,0.0
slender,0.0,0.0
slept,0.0,0.0
slight,0.0,0.0
slope,0.0,0.0
slow,0.0,0.0
slowly,0.0,0.0
slumber,0.0,0.0
slumbering,0.0,0.0
slumbers,0.0,0.0
small,0.0,0.0
smart,0.0,0.0
smell,0.0,0.0
smile,0.0,0.0
smiled,0.0,0.0
smiles,0.0,0.0
smiling,0.0,0.0
smoke,0.0,0.0
smooth,0.0,0.0
smote,0.0,0.0
snare,0.0,0.0
snow,0.0,0.0
snows,0.0,0.0
snowy,0.0,0.0
so,0.0,0.0
soar,0.0,0.0
soaring,0.0,0.0
sober,0.0,0.0
sod,0.0,0.0
soft,0.0,0.0
softer,0.0,0.0
softly,0.0,0.0
soil,0.0,0.0
solace,0.0,0.0
sold,0.0,0.0
soldier,0.0,0.0
soldiers,0.0,0.0
sole,0.0,0.0
solemn,0.0,0.0
solitary,0.0,0.0
solitude,0.0,0.0
sombre,0.0,0.0
some,0.0,0.0
something,0.0,0.0
sometimes,0.0,0.0
somewhat,0.0,0.0
somewhere,0.0,0.0
son,0.0,0.0
song,0.0,0.0
songs,0.0,0.0
sons,0.0,0.0
soon,0.0,0.0
soothe,0.0,0.0
soothing,0.0,0.0
sore,0.0,0.0
sorrow,0.0,0.0
sorrowing,0.0,0.0
sorrows,0.0,0.0
sort,0.0,0.0
sought,0.0,0.0
soul,0.0,0.0
souls,0.0,0.0
sound,0.0,0.0
sounding,0.0,0.0
sounds,0.0,0.0
source,0.0,0.0
south,0.0,0.0
southern,0.0,0.0
sovereign,0.0,0.0
sown,0.0,0.0
space,0.0,0.0
spake,0.0,0.0
span,0.0,0.0
spare,0.0,0.0
spared,0.0,0.0
spark,0.0,0.0
sparkling,0.0,0.0
speak,0.0,0.0
speaking,0.0,0.0
speaks,0.0,0.0
spear,0.0,0.0
sped,0.0,0.0
speech,0.0,0.0
speed,0.0,0.0
spell,0.0,0.0
spend,0.0,0.0
spent,0.0,0.0
sphere,0.0,0.0
spheres,0.0,0.0
spirit,0.0,0.0
spirits,0.0,0.0
spite,0.0,0.0
splendid,0.0,0.0
splendour,0.0,0.0
splendours,0.0,0.0
spoil,0.0,0.0
spoke,0.0,0.0
spoken,0.0,0.0
sport,0.0,0.0
spot,0.0,0.0
spotless,0.0,0.0
sprang,0.0,0.0
spray,0.0,0.0
spread,0.0,0.0
spreading,0.0,0.0
spreads,0.0,0.0
spring,0.0,0.0
springing,0.0,0.0
springs,0.0,0.0
springtime,0.0,0.0
sprung,0.0,0.0
square,0.0,0.0
st,0.0,0.0
staff,0.0,0.0
stain,0.0,0.0
stained,0.0,0.0
stair,0.0,0.0
stand,0.0,0.0
standing,0.0,0.0
stands,0.0,0.0
star,0.0,0.0
stare,0.0,0.0
starry,0.0,0.0
stars,0.0,0.0
start,0.0,0.0
started,0.0,0.0
startled,0.0,0.0
state,0.0,0.0
stately,0.0,0.0
statue,0.0,0.0
stay,0.0,0.0
stayed,0.0,0.0
steadfast,0.0,0.0
steady,0.0,0.0
steal,0.0,0.0
stealing,0.0,0.0
steals,0.0,0.0
steed,0.0,0.0
steeds,0.0,0.0
steel,0.0,0.0
steep,0.0,0.0
stem,0.0,0.0
step,0.0,0.0
stepped,0.0,0.0
steps,0.0,0.0
stern,0.0,0.0
stiff,0.0,0.0
still,0.0,0.0
stillness,0.0,0.0
sting,0.0,0.0
stir,0.0,0.0
stirred,0.0,0.0
stirring,0.0,0.0
stirs,0.0,0.0
stole,0.0,0.0
stone,0.0,0.0
stones,0.0,0.0
stony,0.0,0.0
stood,0.0,0.0
stoop,0.0,0.0
stop,0.0,0.0
stopped,0.0,0.0
store,0.0,0.0
storm,0.0,0.0
storms,0.0,0.0
stormy,0.0,0.0
story,0.0,0.0
stout,0.0,0.0
straight,0.0,0.0
strain,0.0,0.0
strains,0.0,0.0
strand,0.0,0.0
strange,0.0,0.0
strangely,0.0,0.0
stranger,0.0,0.0
strangers,0.0,0.0
stray,0.0,0.0
strayed,0.0,0.0
stream,0.0,0.0
streaming,0.0,0.0
streams,0.0,0.0
street,0.0,0.0
streets,0.0,0.0
strength,0.0,0.0
stretch,0.0,0.0
stretched,0.0,0.0
strewn,0.0,0.0
stricken,0.0,0.0
strife,0.0,0.0
strike,0.0,0.0
strikes,0.0,0.0
string,0.0,0.0
strings,0.0,0.0
strive,0.0,0.0
striving,0.0,0.0
stroke,0.0,0.0
strong,0.0,0.0
stronger,0.0,0.0
strove,0.0,0.0
struck,0.0,0.0
struggle,0.0,0.0
struggling,0.0,0.0
style,0.0,0.0
subject,0.0,0.0
sublime,0.0,0.0
subtle,0.0,0.0
success,0.0,0.0
such,0.0,0.0
sudden,0.0,0.0
suddenly,0.0,0.0
suffer,0.0,0.0
suffered,0.0,0.0
suffering,0.0,0.0
suit,0.0,0.0
sullen,0.0,0.0
summer,0.0,0.0
summit,0.0,0.0
summons,0.0,0.0
sun,0.0,0.0
sunbeam,0.0,0.0
sunbeams,0.0,0.0
sung,0.0,0.0
sunk,0.0,0.0
sunlight,0.0,0.0
sunny,0.0,0.0
sunrise,0.0,0.0
suns,0.0,0.0
sunset,0.0,0.0
sunshine,0.0,0.0
supreme,0.0,0.0
sure,0.0,0.0
surely,0.0,0.0
surface,0.0,0.0
surge,0.0,0.0
surprise,0.0,0.0
swallow,0.0,0.0
sway,0.0,0.0
swayed,0.0,0.0
swear,0.0,0.0
sweep,0.0,0.0
sweeping,0.0,0.0
sweeps,0.0,0.0
sweet,0.0,0.0
sweeter,0.0,0.0
sweetest,0.0,0.0
sweetly,0.0,0.0
sweetness,0.0,0.0
sweets,0.0,0.0
swell,0.0,0.0
swelling,0.0,0.0
swells,0.0,0.0
swept,0.0,0.0
swift,0.0,0.0
swiftly,0.0,0.0
swing,0.0,0.0
sword,0.0,0.0
swords,0.0,0.0
swung,0.0,0.0
sympathy,0.0,0.0
t,0.0,0.0
table,0.0,0.0
take,0.0,0.0
taken,0.0,0.0
takes,0.0,0.0
taking,0.0,0.0
tale,0.0,0.0
tales,0.0,0.0
talk,0.0,0.0
talked,0.0,0.0
tall,0.0,0.0
tame,0.0,0.0
tangled,0.0,0.0
task,0.0,0.0
taste,0.0,0.0
taught,0.0,0.0
teach,0.0,0.0
tear,0.0,0.0
tearful,0.0,0.0
tears,0.0,0.0
teeth,0.0,0.0
tell,0.0,0.0
telling,0.0,0.0
tells,0.0,0.0
tempest,0.0,0.0
tempests,0.0,0.0
temple,0.0,0.0
temples,0.0,0.0
ten,0.0,0.0
tender,0.0,0.0
tenderly,0.0,0.0
tenderness,0.0,0.0
tent,0.0,0.0
terrible,0.0,0.0
terror,0.0,0.0
th,0.0,0.0
than,0.0,0.0
thank,0.0,0.0
thanks,0.0,0.0
that,0.0,0.0
the,0.0,0.0
thee,0.0,0.0
their,0.0,0.0
theirs,0.0,0.0
them,0.0,0.0
theme,0.0,0.0
themselves,0.0,0.0
then,0.0,0.0
thence,0.0,0.0
there,0.0,0.0
therefore,0.0,0.0
these,0.0,0.0
they,0.0,0.0
thick,0.0,0.0
thin,0.0,0.0
thine,0.0,0.0
thing,0.0,0.0
things,0.0,0.0
think,0.0,0.0
thinking,0.0,0.0
thinks,0.0,0.0
third,0.0,0.0
thirst,0.0,0.0
this,0.0,0.0
thither,0.0,0.0
thorn,0.0,0.0
thorns,0.0,0.0
those,0.0,0.0
thou,0.0,0.0
though,0.0,0.0
thought,0.0,0.0
thoughts,0.0,0.0
thousand,0.0,0.0
thousands,0.0,0.0
thrall,0.0,0.0
thread,0.0,0.0
three,0.0,0.0
threshold,0.0,0.0
threw,0.0,0.0
thrice,0.0,0.0
thrill,0.0,0.0
thrilled,0.0,0.0
thrilling,0.0,0.0
thrills,0.0,0.0
throat,0.0,0.0
throb,0.0,0.0
throbbing,0.0,0.0
throne,0.0,0.0
throng,0.0,0.0
through,0.0,0.0
throughout,0.0,0.0
throw,0.0,0.0
thrown,0.0,0.0
throws,0.0,0.0
thrust,0.0,0.0
thunder,0.0,0.0
thunders,0.0,0.0
thus,0.0,0.0
thy,0.0,0.0
thyself,0.0,0.0
tide,0.0,0.0
tides,0.0,0.0
tidings,0.0,0.0
tie,0.0,0.0
ties,0.0,0.0
till,0.0,0.0
time,0.0,0.0
times,0.0,0.0
timid,0.0,0.0
tints,0.0,0.0
tiny,0.0,0.0
tired,0.0,0.0
tis,0.0,0.0
to,0.0,0.0
today,0.0,0.0
together,0.0,0.0
toil,0.0,0.0
toiled,0.0,0.0
toiling,0.0,0.0
toils,0.0,0.0
token,0.0,0.0
told,0.0,0.0
tomb,0.0,0.0
tomorrow,0.0,0.0
tone,0.0,0.0
tones,0.0,0.0
tongue,0.0,0.0
tongues,0.0,0.0
tonight,0.0,0.0
too,0.0,0.0
took,0.0,0.0
top,0.0,0.0
tops,0.0,0.0
torch,0.0,0.0
tore,0.0,0.0
torn,0.0,0.0
torrent,0.0,0.0
toss,0.0,0.0
tossed,0.0,0.0
tossing,0.0,0.0
touch,0.0,0.0
touched,0.0,0.0
toward,0.0,0.0
towards,0.0,0.0
tower,0.0,0.0
towering,0.0,0.0
towers,0.0,0.0
town,0.0,0.0
trace,0.0,0.0
traced,0.0,0.0
track,0.0,0.0
trade,0.0,0.0
train,0.0,0.0
trance,0.0,0.0
tranquil,0.0,0.0
travel,0.0,0.0
traveller,0.0,0.0
tread,0.0,0.0
treasure,0.0,0.0
treasures,0.0,0.0
tree,0.0,0.0
trees,0.0,0.0
tremble,0.0,0.0
trembled,0.0,0.0
trembles,0.0,0.0
trembling,0.0,0.0
tremulous,0.0,0.0
tresses,0.0,0.0
tribute,0.0,0.0
tried,0.0,0.0
triumph,0.0,0.0
triumphant,0.0,0.0
trod,0.0,0.0
trouble,0.0,0.0
troubled,0.0,0.0
true,0.0,0.0
truly,0.0,0.0
trumpet,0.0,0.0
trust,0.0,0.0
truth,0.0,0.0
try,0.0,0.0
tumult,0.0,0.0
tune,0.0,0.0
turf,0.0,0.0
turn,0.0,0.0
turned,0.0,0.0
turning,0.0,0.0
turns,0.0,0.0
twain,0.0,0.0
twas,0.0,0.0
twelve,0.0,0.0
twenty,0.0,0.0
twere,0.0,0.0
twice,0.0,0.0
twilight,0.0,0.0
twill,0.0,0.0
twin,0.0,0.0
twine,0.0,0.0
twined,0.0,0.0
twixt,0.0,0.0
two,0.0,0.0
tyrant,0.0,0.0
tyre,0.0,0.0
u,0.0,0.0
unconscious,0.0,0.0
under,0.0,0.0
underneath,0.0,0.0
understand,0.0,0.0
understood,0.0,0.0
undone,0.0,0.0
unfold,0.0,0.0
unfurled,0.0,0.0
unheard,0.0,0.0
union,0.0,0.0
universal,0.0,0.0
universe,0.0,0.0
unknown,0.0,0.0
unless,0.0,0.0
unseen,0.0,0.0
until,0.0,0.0
unto,0.0,0.0
untold,0.0,0.0
up,0.0,0.0
uplifted,0.0,0.0
upon,0.0,0.0
upper,0.0,0.0
upward,0.0,0.0
us,0.0,0.0
use,0.0,0.0
used,0.0,0.0
useless,0.0,0.0
utmost,0.0,0.0
utter,0.0,0.0
uttered,0.0,0.0
vacant,0.0,0.0
vague,0.0,0.0
vain,0.0,0.0
vainly,0.0,0.0
vale,0.0,0.0
vales,0.0,0.0
valley,0.0,0.0
valleys,0.0,0.0
valour,0.0,0.0
vanish,0.0,0.0
vanished,0.0,0.0
varied,0.0,0.0
various,0.0,0.0
vast,0.0,0.0
veil,0.0,0.0
veiled,0.0,0.0
veins,0.0,0.0
velvet,0.0,0.0
vengeance,0.0,0.0
verge,0.0,0.0
verse,0.0,0.0
very,0.0,0.0
vessel,0.0,0.0
vexed,0.0,0.0
victim,0.0,0.0
victor,0.0,0.0
victory,0.0,0.0
view,0.0,0.0
vile,0.0,0.0
village,0.0,0.0
vine,0.0,0.0
vines,0.0,0.0
violet,0.0,0.0
violets,0.0,0.0
virgin,0.0,0.0
virtue,0.0,0.0
virtues,0.0,0.0
vision,0.0,0.0
visions,0.0,0.0
visit,0.0,0.0
voice,0.0,0.0
voices,0.0,0.0
void,0.0,0.0
vow,0.0,0.0
vows,0.0,0.0
w,0.0,0.0
wail,0.0,0.0
wailing,0.0,0.0
wait,0.0,0.0
waited,0.0,0.0
waiting,0.0,0.0
waits,0.0,0.0
wake,0.0,0.0
waken,0.0,0.0
wakes,0.0,0.0
waking,0.0,0.0
walk,0.0,0.0
walked,0.0,0.0
walking,0.0,0.0
walks,0.0,0.0
wall,0.0,0.0
walls,0.0,0.0
wan,0.0,0.0
wand,0.0,0.0
wander,0.0,0.0
wandered,0.0,0.0
wanderer,0.0,0.0
wandering,0.0,0.0
waning,0.0,0.0
want,0.0,0.0
wanton,0.0,0.0
wants,0.0,0.0
war,0.0,0.0
ward,0.0,0.0
warm,0.0,0.0
warmth,0.0,0.0
warning,0.0,0.0
warrior,0.0,0.0
warriors,0.0,0.0
wars,0.0,0.0
was,0.0,0.0
wash,0.0,0.0
washed,0.0,0.0
waste,0.0,0.0
wasted,0.0,0.0
watch,0.0,0.0
watched,0.0,0.0
watches,0.0,0.0
watchful,0.0,0.0
watching,0.0,0.0
water,0.0,0.0
waters,0.0,0.0
wave,0.0,0.0
waved,0.0,0.0
waves,0.0,0.0
waving,0.0,0.0
way,0.0,0.0
ways,0.0,0.0
wayward,0.0,0.0
we,0.0,0.0
we'll,0.0,0.0
weak,0.0,0.0
weakness,0.0,0.0
weal,0.0,0.0
wealth,0.0,0.0
wear,0.0,0.0
wearied,0.0,0.0
weariness,0.0,0.0
wears,0.0,0.0
weary,0.0,0.0
weather,0.0,0.0
weave,0.0,0.0
web,0.0,0.0
wed,0.0,0.0
wedded,0.0,0.0
wedding,0.0,0.0
weed,0.0,0.0
weeds,0.0,0.0
week,0.0,0.0
weep,0.0,0.0
weeping,0.0,0.0
weeps,0.0,0.0
weight,0.0,0.0
welcome,0.0,0.0
well,0.0,0.0
went,0.0,0.0
wept,0.0,0.0
were,0.0,0.0
wert,0.0,0.0
west,0.0,0.0
western,0.0,0.0
wet,0.0,0.0
what,0.0,0.0
whatever,0.0,0.0
wheat,0.0,0.0
wheel,0.0,0.0
wheels,0.0,0.0
when,0.0,0.0
whence,0.0,0.0
whenever,0.0,0.0
where,0.0,0.0
wherefore,0.0,0.0
wherein,0.0,0.0
whereon,0.0,0.0
wherever,0.0,0.0
whether,0.0,0.0
which,0.0,0.0
while,0.0,0.0
whirl,0.0,0.0
whirling,0.0,0.0
whisper,0.0,0.0
whispered,0.0,0.0
whispering,0.0,0.0
whispers,0.0,0.0
white,0.0,0.0
whither,0.0,0.0
who,0.0,0.0
whole,0.0,0.0
wholly,0.0,0.0
whom,0.0,0.0
whose,0.0,0.0
why,0.0,0.0
wicked,0.0,0.0
wide,0.0,0.0
widow,0.0,0.0
wife,0.0,0.0
wild,0.0,0.0
wilderness,0.0,0.0
wildly,0.0,0.0
will,0.0,0.0
willing,0.0,0.0
willow,0.0,0.0
wilt,0.0,0.0
win,0.0,0.0
wind,0.0,0.0
winding,0.0,0.0
window,0.0,0.0
windows,0.0,0.0
winds,0.0,0.0
wine,0.0,0.0
wing,0.0,0.0
winged,0.0,0.0
wings,0.0,0.0
winning,0.0,0.0
winter,0.0,0.0
wintery,0.0,0.0
wisdom,0.0,0.0
wise,0.0,0.0
wish,0.0,0.0
wished,0.0,0.0
wishes,0.0,0.0
wit,0.0,0.0
with,0.0,0.0
wither,0.0,0.0
withered,0.0,0.0
withering,0.0,0.0
within,0.0,0.0
without,0.0,0.0
witness,0.0,0.0
wives,0.0,0.0
woe,0.0,0.0
woes,0.0,0.0
woke,0.0,0.0
wolf,0.0,0.0
woman,0.0,0.0
women,0.0,0.0
won,0.0,0.0
wonder,0.0,0.0
wonderful,0.0,0.0
wondering,0.0,0.0
wonders,0.0,0.0
wondrous,0.0,0.0
wont,0.0,0.0
woo,0.0,0.0
wood,0.0,0.0
woodland,0.0,0.0
woods,0.0,0.0
wooed,0.0,0.0
word,0.0,0.0
words,0.0,0.0
wore,0.0,0.0
work,0.0,0.0
working,0.0,0.0
works,0.0,0.0
world,0.0,0.0
worldly,0.0,0.0
worlds,0.0,0.0
worm,0.0,0.0
worn,0.0,0.0
worse,0.0,0.0
worship,0.0,0.0
worshipped,0.0,0.0
worst,0.0,0.0
worth,0.0,0.0
worthy,0.0,0.0
would,0.0,0.0
wouldst,0.0,0.0
wound,0.0,0.0
wounded,0.0,0.0
wounds,0.0,0.0
wove,0.0,0.0
woven,0.0,0.0
wrapped,0.0,0.0
wrath,0.0,0.0
wreath,0.0,0.0
wreathed,0.0,0.0
wreaths,0.0,0.0
wreck,0.0,0.0
wretched,0.0,0.0
writ,0.0,0.0
write,0.0,0.0
written,0.0,0.0
wrong,0.0,0.0
wrongs,0.0,0.0
wrote,0.0,0.0
wrought,0.0,0.0
wrung,0.0,0.0
y,0.0,0.0
ye,0.0,0.0
yea,0.0,0.0
year,0.0,0.0
yearn,0.0,0.0
yearning,0.0,0.0
years,0.0,0.0
yellow,0.0,0.0
yes,0.0,0.0
yesterday,0.0,0.0
yet,0.0,0.0
yield,0.0,0.0
yielding,0.0,0.0
yields,0.0,0.0
yon,0.0,0.0
yonder,0.0,0.0
yore,0.0,0.0
you,0.0,0.0
young,0.0,0.0
your,0.0,0.0
yours,0.0,0.0
youth,0.0,0.0
youthful,0.0,0.0
zeal,0.0,0.0
zone,0.0,0.0
