seldom,-80.723597501,-1304161.61979
pour,-68.0628260662,-731775.309131
i'll,-62.7508237472,-212744.239348
throng,-58.0186517837,-453642.598525
mission,-57.9445707069,-984227.165141
sacred,-56.700685316,-246386.278695
goal,-56.0333899345,-574632.08549
drum,-55.7150540528,-698494.03332
rend,-55.2714039402,-972684.467682
six,-54.1430637092,-682952.452668
stout,-54.0791636212,-848621.64414
rainbow,-53.8940265864,-583687.801977
nightingale,-50.6152904881,-737267.06564
notes,-50.2821071347,-345282.578663
fainting,-48.0410607407,-1096907.74162
struggle,-47.108343442,-614809.679616
big,-44.5276646027,-403441.769581
page,-42.4112464807,-232858.969893
wondrous,-41.0680354716,-280995.316357
command,-39.706345858,-363154.697239
we,-39.3211630833,-17485.4902965
husband,-36.0154709917,-264223.503422
greet,-35.2707721895,-311145.182828
yea,-34.4454542311,-161351.172857
thread,-34.0180262043,-468796.721488
gloomy,-33.9003677938,-344569.451334
dews,-33.2267547616,-388911.108648
sealed,-32.9348762266,-579760.727008
woke,-31.4275766657,-452227.624729
walking,-31.2415747584,-421851.10224
perished,-31.1398128807,-655795.947026
wandered,-30.7634733146,-321158.63028
earthly,-30.5899395113,-178862.187419
garb,-30.2276665828,-734330.921884
oft,-29.2758955777,-86824.4496833
swing,-27.8931283002,-392236.808572
an,-26.9538379361,-15066.8635363
remains,-26.8449139978,-413928.048247
parting,-26.8089807308,-289236.272609
anxious,-26.6197828514,-313831.866823
nest,-26.4946248105,-207127.301925
there,-25.9946320869,-26216.203545
weeds,-25.8083687869,-388133.884151
friends,-25.7709614399,-95520.2794004
regions,-25.6600084433,-355013.622142
everything,-25.6185126582,-362052.651853
scent,-24.7990417616,-298999.239405
shock,-24.3723905006,-400055.407904
lately,-24.1537872855,-515526.873463
following,-23.9957629111,-293811.257523
lea,-23.9916377742,-389994.646794
lovers,-23.5921867857,-188652.99363
beats,-22.1725058862,-377291.495122
linger,-21.9772592077,-252188.077696
cease,-21.4271675486,-149967.699169
olden,-21.3331517144,-328980.136718
grove,-21.0107105059,-192548.509103
modern,-20.3721570085,-230867.397507
began,-20.1561253133,-159311.460344
appeared,-20.0228943401,-262998.176747
raging,-20.0133037432,-293470.553679
steal,-19.9521105313,-240631.143546
firm,-19.776753268,-206473.51312
learned,-19.1843642887,-169398.372356
speed,-18.9757554927,-178328.141567
complete,-18.4662430377,-212895.567507
plan,-18.3234045854,-163502.954639
safely,-18.1605862803,-386935.267977
longer,-18.1558603997,-136976.101637
weal,-17.710655907,-281038.447985
lust,-17.2789763025,-235876.429616
utter,-17.1139473033,-235541.338689
lurid,-16.6977781026,-340415.891457
wont,-16.509730812,-253425.186895
poem,-16.4291799659,-163722.217933
subject,-16.0765005081,-302622.070165
corner,-15.8583198901,-233117.171752
gained,-15.7683076985,-203188.319217
loving,-15.7117722847,-88884.3571918
fruit,-15.6665330213,-124699.639997
sped,-15.433818355,-178556.81353
failed,-15.3639515979,-206443.735655
valour,-15.3236226551,-246255.897993
twill,-15.0844112497,-211521.6865
pleasures,-14.9146642176,-179623.319804
blight,-14.8513802243,-214706.576011
pledge,-14.8249211057,-297280.11828
clasp,-14.7771508393,-173186.137678
revel,-14.4363897908,-316394.241414
heed,-13.8977659546,-155330.800395
miss,-13.7334848652,-71598.4788384
coming,-13.5414857396,-74189.6888636
river,-13.2548858088,-33278.405338
northern,-13.2243654099,-152459.264473
flings,-12.5821368197,-277135.000641
rolls,-12.4775911959,-195357.733208
captain,-12.3790811909,-134390.560751
safety,-12.3100857737,-224014.031642
becomes,-12.2971432506,-234361.376968
burden,-12.2664635874,-126364.534509
rang,-12.2247841692,-146951.98031
lyre,-12.2059772155,-114206.306914
led,-12.0731870122,-76032.4620266
saviour,-11.9692211575,-43466.0484635
flow,-11.89602735,-54356.5407184
times,-11.6524849884,-73731.7463474
clime,-11.6251643385,-140671.938365
thyself,-11.5467670595,-106623.532753
kin,-11.5327946561,-174399.067507
flutter,-11.521733274,-243798.395866
drops,-11.4892464232,-137060.350961
waved,-11.4688138821,-182717.618772
fairer,-11.3478293364,-150647.695161
sunlight,-11.2639843866,-79703.1368143
gazed,-11.2134491535,-75087.7510029
wedded,-10.7975083368,-218000.55975
stole,-10.6558222417,-125042.111457
lit,-10.5438851402,-110975.375557
curls,-10.5123738693,-174938.06695
stayed,-10.3884999176,-156460.507626
dost,-10.3333238719,-49194.8205233
petals,-10.211430824,-101637.093444
bend,-10.2085277449,-106605.404722
delicious,-10.1641426551,-194693.730705
folds,-10.1022369792,-138338.589152
tis,-10.0857323286,-21135.0122231
trod,-10.033983,-100241.27954
mothers,-10.0240050582,-165369.061841
longed,-9.99331323189,-163634.513097
whisper,-9.92501503255,-84863.2041631
western,-9.75304229603,-113671.55132
wing,-9.45612574424,-55955.5568707
neath,-9.45312485063,-43837.2910063
like,-9.39026795447,-8033.88575253
fleet,-9.30999408876,-100189.836446
veins,-9.21034842923,-116272.982919
picture,-9.19559641423,-74797.3868488
laughter,-9.1131488173,-54371.0222703
fragrance,-8.99956643718,-88009.7942227
suddenly,-8.83008065257,-62192.4208355
plaintive,-8.73912904324,-119317.74489
returned,-8.53448270579,-129450.271343
winning,-8.22328085085,-206689.854441
band,-8.21738643184,-44062.6671169
thus,-8.20169749464,-16154.8305484
rugged,-8.20053126459,-105975.119768
tyrant,-8.18043901519,-70066.4556478
hearing,-8.08602835369,-145613.587476
mingle,-8.08397504984,-151384.142351
remembered,-7.99049763499,-128473.957403
twere,-7.98984166071,-101445.633892
native,-7.974596433,-52570.1068777
warriors,-7.91691514599,-85147.3037589
glade,-7.77477874325,-120988.15268
moments,-7.58283740021,-101462.934092
brave,-7.55697390917,-25813.3012904
as,-7.27485689144,-4292.14762639
john,-7.15466710049,-37065.547255
ceased,-6.8044623989,-78932.7999914
plains,-6.61573800843,-61894.0096192
till,-6.42592625023,-13710.5382272
purest,-6.35076825858,-95604.521204
pulses,-6.34236073575,-96232.4563494
wildly,-6.22200445842,-85479.5590735
sons,-6.09792921362,-34133.0448999
kind,-6.07794906945,-28393.4103472
virtue,-5.95080464974,-40890.3259122
until,-5.86103442115,-25862.7241521
morning,-5.79143563267,-16234.309657
did,-5.75887081271,-10486.624395
increase,-5.72995799857,-104894.097494
nought,-5.55297010827,-27685.870098
strand,-5.52600802748,-57569.7235067
repeat,-5.48560569763,-86826.2672518
stricken,-5.3309596396,-73456.5330008
loveliness,-5.21150002822,-49794.2073238
bridal,-4.85560596192,-45646.2769072
evening,-4.84072817157,-19701.0375982
barren,-4.81606589002,-55206.7294185
nothing,-4.66806470297,-23320.1199949
cherished,-4.48589931614,-52733.4156188
fingers,-4.32506651177,-38150.4029056
view,-4.29761370905,-19067.8652961
don't,-4.23029439042,-20145.6386883
flowers,-3.98148340638,-8348.54600879
power,-3.84285745343,-8668.49745371
since,-3.77799145244,-15407.9160121
unfurled,-3.74693590781,-69987.8910323
visit,-3.55794117731,-61676.2990806
centre,-3.50264662374,-67273.1677357
ills,-3.41667494724,-53112.635325
pure,-3.40312336754,-10795.1924223
guards,-3.29777632084,-58949.3527186
force,-3.18606755895,-24748.019025
son,-3.17292453662,-9949.15586327
threshold,-2.71475847721,-42583.8732264
throb,-2.68347994809,-49988.1898198
rage,-2.67288958715,-27046.9881086
noble,-2.6420639005,-13287.5324149
warrior,-2.59804502838,-22340.0731773
banner,-2.52054858763,-21460.7068266
bears,-2.42050201929,-31671.0420173
stain,-2.39499522808,-30273.7796908
pearly,-2.36705646968,-46156.5360509
mock,-2.34283677945,-31178.3843588
drowsy,-2.28081960851,-31388.6854981
over,-2.24333657797,-2117.86222402
melted,-2.14625809994,-42485.8210876
played,-2.11388614579,-20978.2545878
mingled,-1.99042719147,-18001.1084331
tell,-1.9701208525,-5908.13919314
has,-1.95409341504,-3063.93516431
softly,-1.93794754398,-9516.27646917
nameless,-1.90368466238,-41051.1720522
feed,-1.86808249146,-22633.773376
nay,-1.79330158648,-7670.86743442
creep,-1.75329793637,-23106.7082475
straight,-1.72831551952,-14988.7878446
innocence,-1.72222850649,-25294.5054818
liquid,-1.71448867074,-25237.2619845
sighed,-1.64200680713,-23135.5600817
nation,-1.55601945023,-6159.67025057
thirst,-1.41889496198,-19583.7720204
ward,-1.19048084502,-25771.6083371
forward,-1.04061057647,-13426.1988126
changing,-1.00711981027,-13131.7965999
passage,-1.00539789288,-21031.4270371
maidens,-0.860302725587,-9843.37196083
full,-0.801806322098,-2556.28781959
blooming,-0.794894904538,-9538.18467301
shelter,-0.785628988887,-11408.4395987
bird,-0.777292707984,-2504.11864415
little,-0.681009670172,-687.222013712
recall,-0.588632676787,-10096.8483815
tired,-0.497212506176,-3612.93332468
beautiful,-0.406763555195,-1407.33288512
reveal,-0.377392853054,-5846.00630997
youthful,-0.342378833723,-3098.02190379
lord,-0.337399150121,-520.393240479
thank,-0.21944717967,-1778.19579156
fair,-0.167891288146,-265.040070873
violets,-0.109921461958,-1195.67906105
burns,-0.102994129889,-1153.22022937
a,0.0,0.0
abide,0.0,0.0
abode,0.0,0.0
about,0.0,0.0
above,0.0,0.0
abroad,0.0,0.0
absent,0.0,0.0
accents,0.0,0.0
accursed,0.0,0.0
aching,0.0,0.0
across,0.0,0.0
act,0.0,0.0
action,0.0,0.0
add,0.0,0.0
adieu,0.0,0.0
adore,0.0,0.0
advance,0.0,0.0
afar,0.0,0.0
affection,0.0,0.0
afraid,0.0,0.0
after,0.0,0.0
again,0.0,0.0
aged,0.0,0.0
ages,0.0,0.0
ago,0.0,0.0
ah,0.0,0.0
aid,0.0,0.0
aim,0.0,0.0
air,0.0,0.0
airs,0.0,0.0
airy,0.0,0.0
alas,0.0,0.0
alien,0.0,0.0
alike,0.0,0.0
alive,0.0,0.0
all,0.0,0.0
almost,0.0,0.0
aloft,0.0,0.0
alone,0.0,0.0
along,0.0,0.0
already,0.0,0.0
also,0.0,0.0
altar,0.0,0.0
although,0.0,0.0
always,0.0,0.0
amber,0.0,0.0
ambition,0.0,0.0
amid,0.0,0.0
among,0.0,0.0
ample,0.0,0.0
ancient,0.0,0.0
anew,0.0,0.0
angel,0.0,0.0
angels,0.0,0.0
anger,0.0,0.0
anguish,0.0,0.0
anon,0.0,0.0
another,0.0,0.0
answer,0.0,0.0
answered,0.0,0.0
answering,0.0,0.0
answers,0.0,0.0
any,0.0,0.0
anything,0.0,0.0
appear,0.0,0.0
appears,0.0,0.0
apple,0.0,0.0
approach,0.0,0.0
april,0.0,0.0
arch,0.0,0.0
ardent,0.0,0.0
are,0.0,0.0
aright,0.0,0.0
arise,0.0,0.0
arm,0.0,0.0
armed,0.0,0.0
armies,0.0,0.0
armour,0.0,0.0
arms,0.0,0.0
army,0.0,0.0
arose,0.0,0.0
around,0.0,0.0
array,0.0,0.0
arrayed,0.0,0.0
arrow,0.0,0.0
arrows,0.0,0.0
art,0.0,0.0
arts,0.0,0.0
ashes,0.0,0.0
aside,0.0,0.0
asked,0.0,0.0
asleep,0.0,0.0
at,0.0,0.0
athwart,0.0,0.0
aught,0.0,0.0
august,0.0,0.0
autumn,0.0,0.0
await,0.0,0.0
awake,0.0,0.0
away,0.0,0.0
awe,0.0,0.0
awful,0.0,0.0
awhile,0.0,0.0
awoke,0.0,0.0
ay,0.0,0.0
aye,0.0,0.0
azure,0.0,0.0
b,0.0,0.0
babe,0.0,0.0
baby,0.0,0.0
back,0.0,0.0
backward,0.0,0.0
bad,0.0,0.0
bade,0.0,0.0
ball,0.0,0.0
balm,0.0,0.0
balmy,0.0,0.0
bands,0.0,0.0
bank,0.0,0.0
banks,0.0,0.0
banners,0.0,0.0
banquet,0.0,0.0
bar,0.0,0.0
bard,0.0,0.0
bare,0.0,0.0
bark,0.0,0.0
bars,0.0,0.0
base,0.0,0.0
bathed,0.0,0.0
battle,0.0,0.0
bay,0.0,0.0
be,0.0,0.0
beach,0.0,0.0
beacon,0.0,0.0
beam,0.0,0.0
beaming,0.0,0.0
beams,0.0,0.0
bear,0.0,0.0
bearing,0.0,0.0
beast,0.0,0.0
beasts,0.0,0.0
beat,0.0,0.0
beaten,0.0,0.0
beating,0.0,0.0
beauteous,0.0,0.0
beauties,0.0,0.0
beauty,0.0,0.0
became,0.0,0.0
because,0.0,0.0
become,0.0,0.0
beds,0.0,0.0
bee,0.0,0.0
been,0.0,0.0
bees,0.0,0.0
before,0.0,0.0
beginning,0.0,0.0
begins,0.0,0.0
beguile,0.0,0.0
begun,0.0,0.0
beheld,0.0,0.0
behind,0.0,0.0
behold,0.0,0.0
being,0.0,0.0
believe,0.0,0.0
believed,0.0,0.0
bell,0.0,0.0
bells,0.0,0.0
belong,0.0,0.0
beloved,0.0,0.0
below,0.0,0.0
bending,0.0,0.0
bends,0.0,0.0
beneath,0.0,0.0
bent,0.0,0.0
bereft,0.0,0.0
beside,0.0,0.0
best,0.0,0.0
bestow,0.0,0.0
betrayed,0.0,0.0
better,0.0,0.0
beyond,0.0,0.0
bid,0.0,0.0
bidding,0.0,0.0
bids,0.0,0.0
bier,0.0,0.0
billows,0.0,0.0
bind,0.0,0.0
birds,0.0,0.0
birth,0.0,0.0
bit,0.0,0.0
bitterness,0.0,0.0
black,0.0,0.0
blade,0.0,0.0
blame,0.0,0.0
blaze,0.0,0.0
bleak,0.0,0.0
bleed,0.0,0.0
bleeding,0.0,0.0
blend,0.0,0.0
bless,0.0,0.0
blessed,0.0,0.0
blessing,0.0,0.0
blessings,0.0,0.0
blind,0.0,0.0
bliss,0.0,0.0
blissful,0.0,0.0
blithe,0.0,0.0
blood,0.0,0.0
bloody,0.0,0.0
bloom,0.0,0.0
blooms,0.0,0.0
blossom,0.0,0.0
blossoms,0.0,0.0
blow,0.0,0.0
blown,0.0,0.0
blows,0.0,0.0
blue,0.0,0.0
blush,0.0,0.0
blushing,0.0,0.0
board,0.0,0.0
boast,0.0,0.0
boat,0.0,0.0
bodies,0.0,0.0
body,0.0,0.0
bold,0.0,0.0
boldly,0.0,0.0
bond,0.0,0.0
bones,0.0,0.0
book,0.0,0.0
boon,0.0,0.0
bore,0.0,0.0
born,0.0,0.0
bosom,0.0,0.0
both,0.0,0.0
bough,0.0,0.0
boughs,0.0,0.0
bought,0.0,0.0
bound,0.0,0.0
bounding,0.0,0.0
boundless,0.0,0.0
bounds,0.0,0.0
bow,0.0,0.0
bowed,0.0,0.0
bower,0.0,0.0
bowers,0.0,0.0
bowl,0.0,0.0
boy,0.0,0.0
boys,0.0,0.0
brain,0.0,0.0
branches,0.0,0.0
brand,0.0,0.0
bravely,0.0,0.0
bread,0.0,0.0
break,0.0,0.0
breaking,0.0,0.0
breaks,0.0,0.0
breast,0.0,0.0
breasts,0.0,0.0
breath,0.0,0.0
breathe,0.0,0.0
breathed,0.0,0.0
breathes,0.0,0.0
breathing,0.0,0.0
breathless,0.0,0.0
breeze,0.0,0.0
breezes,0.0,0.0
bride,0.0,0.0
bridge,0.0,0.0
brief,0.0,0.0
bright,0.0,0.0
brighter,0.0,0.0
brightest,0.0,0.0
brightness,0.0,0.0
brilliant,0.0,0.0
brim,0.0,0.0
bring,0.0,0.0
bringing,0.0,0.0
brings,0.0,0.0
brink,0.0,0.0
broke,0.0,0.0
broken,0.0,0.0
brood,0.0,0.0
brooding,0.0,0.0
brook,0.0,0.0
brooks,0.0,0.0
brother,0.0,0.0
brothers,0.0,0.0
brought,0.0,0.0
brow,0.0,0.0
brown,0.0,0.0
bud,0.0,0.0
budding,0.0,0.0
buds,0.0,0.0
build,0.0,0.0
built,0.0,0.0
burn,0.0,0.0
burned,0.0,0.0
burning,0.0,0.0
burst,0.0,0.0
bursting,0.0,0.0
bush,0.0,0.0
busy,0.0,0.0
but,0.0,0.0
by,0.0,0.0
call,0.0,0.0
called,0.0,0.0
calling,0.0,0.0
calls,0.0,0.0
calm,0.0,0.0
calmly,0.0,0.0
came,0.0,0.0
camp,0.0,0.0
can,0.0,0.0
can't,0.0,0.0
cannot,0.0,0.0
canst,0.0,0.0
captive,0.0,0.0
car,0.0,0.0
care,0.0,0.0
careless,0.0,0.0
cares,0.0,0.0
caress,0.0,0.0
carried,0.0,0.0
carry,0.0,0.0
carved,0.0,0.0
case,0.0,0.0
cast,0.0,0.0
castle,0.0,0.0
catch,0.0,0.0
cattle,0.0,0.0
caught,0.0,0.0
cause,0.0,0.0
cave,0.0,0.0
caves,0.0,0.0
ceaseless,0.0,0.0
celestial,0.0,0.0
cell,0.0,0.0
centuries,0.0,0.0
certain,0.0,0.0
chain,0.0,0.0
chains,0.0,0.0
chair,0.0,0.0
chamber,0.0,0.0
changed,0.0,0.0
changes,0.0,0.0
charge,0.0,0.0
charity,0.0,0.0
charm,0.0,0.0
charmed,0.0,0.0
charms,0.0,0.0
chase,0.0,0.0
check,0.0,0.0
cheek,0.0,0.0
cheeks,0.0,0.0
cheer,0.0,0.0
cheered,0.0,0.0
cheers,0.0,0.0
cherish,0.0,0.0
chief,0.0,0.0
child,0.0,0.0
childhood,0.0,0.0
childish,0.0,0.0
children,0.0,0.0
chill,0.0,0.0
chime,0.0,0.0
choice,0.0,0.0
choir,0.0,0.0
choose,0.0,0.0
chords,0.0,0.0
chorus,0.0,0.0
chose,0.0,0.0
chosen,0.0,0.0
christ,0.0,0.0
christian,0.0,0.0
christmas,0.0,0.0
church,0.0,0.0
circle,0.0,0.0
circling,0.0,0.0
city,0.0,0.0
clad,0.0,0.0
claim,0.0,0.0
claimed,0.0,0.0
claims,0.0,0.0
clasped,0.0,0.0
clay,0.0,0.0
clean,0.0,0.0
clear,0.0,0.0
cliff,0.0,0.0
cliffs,0.0,0.0
climb,0.0,0.0
climbed,0.0,0.0
cling,0.0,0.0
clinging,0.0,0.0
clings,0.0,0.0
cloak,0.0,0.0
clock,0.0,0.0
close,0.0,0.0
closed,0.0,0.0
closely,0.0,0.0
closer,0.0,0.0
closing,0.0,0.0
clothed,0.0,0.0
clothes,0.0,0.0
cloud,0.0,0.0
cloudless,0.0,0.0
clouds,0.0,0.0
cloudy,0.0,0.0
clung,0.0,0.0
coast,0.0,0.0
coat,0.0,0.0
colour,0.0,0.0
coloured,0.0,0.0
colours,0.0,0.0
come,0.0,0.0
comes,0.0,0.0
cometh,0.0,0.0
comfort,0.0,0.0
common,0.0,0.0
company,0.0,0.0
comrades,0.0,0.0
concealed,0.0,0.0
confess,0.0,0.0
conquer,0.0,0.0
conquered,0.0,0.0
conquering,0.0,0.0
conscience,0.0,0.0
conscious,0.0,0.0
constant,0.0,0.0
content,0.0,0.0
control,0.0,0.0
converse,0.0,0.0
cool,0.0,0.0
core,0.0,0.0
corn,0.0,0.0
corpse,0.0,0.0
cot,0.0,0.0
cottage,0.0,0.0
couch,0.0,0.0
could,0.0,0.0
counsel,0.0,0.0
country,0.0,0.0
courage,0.0,0.0
course,0.0,0.0
court,0.0,0.0
courts,0.0,0.0
cover,0.0,0.0
covered,0.0,0.0
coward,0.0,0.0
cradle,0.0,0.0
craft,0.0,0.0
crash,0.0,0.0
crave,0.0,0.0
creation,0.0,0.0
creatures,0.0,0.0
creed,0.0,0.0
creeping,0.0,0.0
crept,0.0,0.0
crest,0.0,0.0
crew,0.0,0.0
cries,0.0,0.0
crime,0.0,0.0
crimson,0.0,0.0
cross,0.0,0.0
crossed,0.0,0.0
crowd,0.0,0.0
crowded,0.0,0.0
crowds,0.0,0.0
crowned,0.0,0.0
crowns,0.0,0.0
cruel,0.0,0.0
crush,0.0,0.0
crushed,0.0,0.0
cry,0.0,0.0
crying,0.0,0.0
crystal,0.0,0.0
cunning,0.0,0.0
cup,0.0,0.0
cups,0.0,0.0
cure,0.0,0.0
curious,0.0,0.0
curled,0.0,0.0
current,0.0,0.0
curse,0.0,0.0
cursed,0.0,0.0
curtain,0.0,0.0
cut,0.0,0.0
daily,0.0,0.0
dainty,0.0,0.0
dame,0.0,0.0
damp,0.0,0.0
dance,0.0,0.0
dancing,0.0,0.0
danger,0.0,0.0
dare,0.0,0.0
dares,0.0,0.0
daring,0.0,0.0
darkened,0.0,0.0
darkening,0.0,0.0
darker,0.0,0.0
darkest,0.0,0.0
darkness,0.0,0.0
darling,0.0,0.0
dart,0.0,0.0
dash,0.0,0.0
daughter,0.0,0.0
daughters,0.0,0.0
dawn,0.0,0.0
dawning,0.0,0.0
day,0.0,0.0
daylight,0.0,0.0
days,0.0,0.0
dazzling,0.0,0.0
de,0.0,0.0
dead,0.0,0.0
deadly,0.0,0.0
deaf,0.0,0.0
dear,0.0,0.0
dearer,0.0,0.0
dearest,0.0,0.0
deathless,0.0,0.0
decay,0.0,0.0
deck,0.0,0.0
decked,0.0,0.0
declare,0.0,0.0
deed,0.0,0.0
deeds,0.0,0.0
deem,0.0,0.0
deemed,0.0,0.0
deep,0.0,0.0
deeper,0.0,0.0
deepest,0.0,0.0
deeply,0.0,0.0
deer,0.0,0.0
delay,0.0,0.0
delicate,0.0,0.0
delight,0.0,0.0
delights,0.0,0.0
dell,0.0,0.0
demon,0.0,0.0
den,0.0,0.0
denied,0.0,0.0
deny,0.0,0.0
depart,0.0,0.0
departed,0.0,0.0
depth,0.0,0.0
depths,0.0,0.0
descend,0.0,0.0
descending,0.0,0.0
desert,0.0,0.0
deserted,0.0,0.0
desire,0.0,0.0
desires,0.0,0.0
desolate,0.0,0.0
desolation,0.0,0.0
despair,0.0,0.0
despite,0.0,0.0
destiny,0.0,0.0
destroy,0.0,0.0
devil,0.0,0.0
devotion,0.0,0.0
dew,0.0,0.0
dewy,0.0,0.0
diamond,0.0,0.0
didst,0.0,0.0
die,0.0,0.0
died,0.0,0.0
dies,0.0,0.0
dim,0.0,0.0
dimly,0.0,0.0
dimmed,0.0,0.0
din,0.0,0.0
dire,0.0,0.0
dirge,0.0,0.0
disdain,0.0,0.0
disease,0.0,0.0
dismal,0.0,0.0
distance,0.0,0.0
distant,0.0,0.0
distress,0.0,0.0
divide,0.0,0.0
divine,0.0,0.0
do,0.0,0.0
does,0.0,0.0
dog,0.0,0.0
doing,0.0,0.0
dome,0.0,0.0
done,0.0,0.0
doomed,0.0,0.0
door,0.0,0.0
doors,0.0,0.0
doth,0.0,0.0
double,0.0,0.0
doubt,0.0,0.0
doubts,0.0,0.0
dove,0.0,0.0
dower,0.0,0.0
down,0.0,0.0
downward,0.0,0.0
drank,0.0,0.0
draught,0.0,0.0
drawing,0.0,0.0
drawn,0.0,0.0
draws,0.0,0.0
dreadful,0.0,0.0
dream,0.0,0.0
dreamed,0.0,0.0
dreaming,0.0,0.0
dreams,0.0,0.0
dreamy,0.0,0.0
drear,0.0,0.0
dreary,0.0,0.0
dress,0.0,0.0
dressed,0.0,0.0
drew,0.0,0.0
drift,0.0,0.0
drifting,0.0,0.0
drink,0.0,0.0
dripping,0.0,0.0
drive,0.0,0.0
driven,0.0,0.0
drives,0.0,0.0
droop,0.0,0.0
drooping,0.0,0.0
drop,0.0,0.0
dropped,0.0,0.0
dropping,0.0,0.0
drove,0.0,0.0
drown,0.0,0.0
drowned,0.0,0.0
drunk,0.0,0.0
dry,0.0,0.0
due,0.0,0.0
dull,0.0,0.0
dumb,0.0,0.0
dusk,0.0,0.0
dusky,0.0,0.0
dust,0.0,0.0
dusty,0.0,0.0
duty,0.0,0.0
dwell,0.0,0.0
dwelled,0.0,0.0
dwelling,0.0,0.0
dwells,0.0,0.0
dying,0.0,0.0
e,0.0,0.0
each,0.0,0.0
eager,0.0,0.0
eagle,0.0,0.0
ear,0.0,0.0
earliest,0.0,0.0
early,0.0,0.0
earnest,0.0,0.0
ears,0.0,0.0
earth,0.0,0.0
ease,0.0,0.0
east,0.0,0.0
eastern,0.0,0.0
easy,0.0,0.0
eat,0.0,0.0
echo,0.0,0.0
echoed,0.0,0.0
echoes,0.0,0.0
echoing,0.0,0.0
ecstasy,0.0,0.0
eden,0.0,0.0
edge,0.0,0.0
either,0.0,0.0
elder,0.0,0.0
else,0.0,0.0
embrace,0.0,0.0
emerald,0.0,0.0
empire,0.0,0.0
empty,0.0,0.0
enchanted,0.0,0.0
end,0.0,0.0
ended,0.0,0.0
ending,0.0,0.0
endless,0.0,0.0
ends,0.0,0.0
endure,0.0,0.0
england,0.0,0.0
english,0.0,0.0
enjoy,0.0,0.0
enter,0.0,0.0
entered,0.0,0.0
envy,0.0,0.0
equal,0.0,0.0
ere,0.0,0.0
escape,0.0,0.0
estate,0.0,0.0
eternal,0.0,0.0
eternity,0.0,0.0
eve,0.0,0.0
even,0.0,0.0
ever,0.0,0.0
everlasting,0.0,0.0
every,0.0,0.0
except,0.0,0.0
exile,0.0,0.0
eye,0.0,0.0
eyed,0.0,0.0
eyelids,0.0,0.0
f,0.0,0.0
face,0.0,0.0
faces,0.0,0.0
fact,0.0,0.0
fade,0.0,0.0
faded,0.0,0.0
fades,0.0,0.0
fading,0.0,0.0
fail,0.0,0.0
failing,0.0,0.0
fails,0.0,0.0
fain,0.0,0.0
faint,0.0,0.0
faintly,0.0,0.0
fairest,0.0,0.0
fairy,0.0,0.0
faith,0.0,0.0
faithful,0.0,0.0
faithless,0.0,0.0
fall,0.0,0.0
falling,0.0,0.0
falls,0.0,0.0
false,0.0,0.0
fame,0.0,0.0
familiar,0.0,0.0
fan,0.0,0.0
fancy,0.0,0.0
far,0.0,0.0
fare,0.0,0.0
farewell,0.0,0.0
farther,0.0,0.0
fashion,0.0,0.0
fashioned,0.0,0.0
fast,0.0,0.0
fatal,0.0,0.0
fate,0.0,0.0
father,0.0,0.0
fathers,0.0,0.0
fault,0.0,0.0
favour,0.0,0.0
fear,0.0,0.0
feared,0.0,0.0
fearful,0.0,0.0
fears,0.0,0.0
feast,0.0,0.0
features,0.0,0.0
fed,0.0,0.0
feeble,0.0,0.0
feel,0.0,0.0
feeling,0.0,0.0
feelings,0.0,0.0
feet,0.0,0.0
fell,0.0,0.0
fellow,0.0,0.0
felt,0.0,0.0
fever,0.0,0.0
few,0.0,0.0
field,0.0,0.0
fields,0.0,0.0
fierce,0.0,0.0
fiercely,0.0,0.0
fiery,0.0,0.0
fight,0.0,0.0
figure,0.0,0.0
fill,0.0,0.0
filled,0.0,0.0
filling,0.0,0.0
fills,0.0,0.0
final,0.0,0.0
find,0.0,0.0
fine,0.0,0.0
finger,0.0,0.0
finished,0.0,0.0
fire,0.0,0.0
fires,0.0,0.0
first,0.0,0.0
fish,0.0,0.0
fit,0.0,0.0
fitful,0.0,0.0
five,0.0,0.0
flag,0.0,0.0
flame,0.0,0.0
flames,0.0,0.0
flaming,0.0,0.0
flash,0.0,0.0
flashed,0.0,0.0
flashes,0.0,0.0
flashing,0.0,0.0
fled,0.0,0.0
flee,0.0,0.0
fleeting,0.0,0.0
flesh,0.0,0.0
flew,0.0,0.0
flies,0.0,0.0
flight,0.0,0.0
fling,0.0,0.0
flit,0.0,0.0
float,0.0,0.0
floated,0.0,0.0
floating,0.0,0.0
floats,0.0,0.0
flocks,0.0,0.0
flood,0.0,0.0
floods,0.0,0.0
floor,0.0,0.0
flowed,0.0,0.0
flower,0.0,0.0
flowery,0.0,0.0
flowing,0.0,0.0
flown,0.0,0.0
flung,0.0,0.0
flush,0.0,0.0
flushed,0.0,0.0
fluttering,0.0,0.0
fly,0.0,0.0
flying,0.0,0.0
foaming,0.0,0.0
foe,0.0,0.0
foes,0.0,0.0
fold,0.0,0.0
folded,0.0,0.0
folk,0.0,0.0
follow,0.0,0.0
followed,0.0,0.0
folly,0.0,0.0
fond,0.0,0.0
fondly,0.0,0.0
food,0.0,0.0
foolish,0.0,0.0
fools,0.0,0.0
foot,0.0,0.0
footsteps,0.0,0.0
for,0.0,0.0
forced,0.0,0.0
forehead,0.0,0.0
foreign,0.0,0.0
forest,0.0,0.0
forests,0.0,0.0
forever,0.0,0.0
forget,0.0,0.0
forgive,0.0,0.0
forgot,0.0,0.0
forgotten,0.0,0.0
forlorn,0.0,0.0
form,0.0,0.0
formed,0.0,0.0
former,0.0,0.0
forms,0.0,0.0
forsaken,0.0,0.0
forth,0.0,0.0
fortune,0.0,0.0
fought,0.0,0.0
foul,0.0,0.0
found,0.0,0.0
fount,0.0,0.0
fountains,0.0,0.0
fragrant,0.0,0.0
frail,0.0,0.0
frame,0.0,0.0
france,0.0,0.0
fraught,0.0,0.0
free,0.0,0.0
freed,0.0,0.0
freedom,0.0,0.0
freely,0.0,0.0
freshness,0.0,0.0
fret,0.0,0.0
friend,0.0,0.0
friendly,0.0,0.0
friendship,0.0,0.0
fro,0.0,0.0
from,0.0,0.0
front,0.0,0.0
frost,0.0,0.0
frown,0.0,0.0
frozen,0.0,0.0
fruits,0.0,0.0
fulfil,0.0,0.0
funeral,0.0,0.0
further,0.0,0.0
fury,0.0,0.0
future,0.0,0.0
g,0.0,0.0
gaily,0.0,0.0
gain,0.0,0.0
gains,0.0,0.0
gainst,0.0,0.0
gale,0.0,0.0
gallant,0.0,0.0
game,0.0,0.0
garden,0.0,0.0
gardens,0.0,0.0
garment,0.0,0.0
garments,0.0,0.0
gate,0.0,0.0
gates,0.0,0.0
gather,0.0,0.0
gathered,0.0,0.0
gathering,0.0,0.0
gathers,0.0,0.0
gaunt,0.0,0.0
gay,0.0,0.0
gaze,0.0,0.0
gazing,0.0,0.0
gem,0.0,0.0
gems,0.0,0.0
general,0.0,0.0
generous,0.0,0.0
genial,0.0,0.0
genius,0.0,0.0
gentle,0.0,0.0
gently,0.0,0.0
get,0.0,0.0
ghastly,0.0,0.0
ghostly,0.0,0.0
giant,0.0,0.0
gift,0.0,0.0
gifts,0.0,0.0
gilded,0.0,0.0
girl,0.0,0.0
girls,0.0,0.0
girt,0.0,0.0
give,0.0,0.0
given,0.0,0.0
gives,0.0,0.0
giving,0.0,0.0
glad,0.0,0.0
gladly,0.0,0.0
gladness,0.0,0.0
glance,0.0,0.0
glances,0.0,0.0
glancing,0.0,0.0
glare,0.0,0.0
glass,0.0,0.0
gleam,0.0,0.0
gleamed,0.0,0.0
gleaming,0.0,0.0
gleams,0.0,0.0
glee,0.0,0.0
glen,0.0,0.0
glide,0.0,0.0
glides,0.0,0.0
gliding,0.0,0.0
glimmering,0.0,0.0
glimpse,0.0,0.0
glistening,0.0,0.0
glittering,0.0,0.0
gloom,0.0,0.0
glories,0.0,0.0
glorious,0.0,0.0
glory,0.0,0.0
glow,0.0,0.0
glowed,0.0,0.0
glowing,0.0,0.0
glows,0.0,0.0
go,0.0,0.0
god,0.0,0.0
goddess,0.0,0.0
godlike,0.0,0.0
gods,0.0,0.0
going,0.0,0.0
gold,0.0,0.0
golden,0.0,0.0
gone,0.0,0.0
good,0.0,0.0
goodbye,0.0,0.0
goodly,0.0,0.0
goodness,0.0,0.0
gorgeous,0.0,0.0
got,0.0,0.0
gown,0.0,0.0
grace,0.0,0.0
graceful,0.0,0.0
graces,0.0,0.0
gracious,0.0,0.0
grain,0.0,0.0
grand,0.0,0.0
grandeur,0.0,0.0
grant,0.0,0.0
grasp,0.0,0.0
grass,0.0,0.0
grasses,0.0,0.0
grassy,0.0,0.0
grateful,0.0,0.0
gratitude,0.0,0.0
grave,0.0,0.0
great,0.0,0.0
greater,0.0,0.0
greatest,0.0,0.0
greek,0.0,0.0
green,0.0,0.0
greeting,0.0,0.0
grew,0.0,0.0
grey,0.0,0.0
grief,0.0,0.0
griefs,0.0,0.0
grieve,0.0,0.0
grim,0.0,0.0
groans,0.0,0.0
groves,0.0,0.0
grow,0.0,0.0
growing,0.0,0.0
grows,0.0,0.0
growth,0.0,0.0
guard,0.0,0.0
guarded,0.0,0.0
guardian,0.0,0.0
guess,0.0,0.0
guide,0.0,0.0
guilt,0.0,0.0
guilty,0.0,0.0
guise,0.0,0.0
h,0.0,0.0
had,0.0,0.0
hadst,0.0,0.0
hail,0.0,0.0
hailed,0.0,0.0
hair,0.0,0.0
haired,0.0,0.0
half,0.0,0.0
hall,0.0,0.0
hallowed,0.0,0.0
halls,0.0,0.0
hand,0.0,0.0
hands,0.0,0.0
hang,0.0,0.0
hanging,0.0,0.0
hangs,0.0,0.0
haply,0.0,0.0
happiness,0.0,0.0
happy,0.0,0.0
hard,0.0,0.0
hardly,0.0,0.0
hark,0.0,0.0
harm,0.0,0.0
harmony,0.0,0.0
harp,0.0,0.0
harvest,0.0,0.0
hast,0.0,0.0
haste,0.0,0.0
hasten,0.0,0.0
hat,0.0,0.0
hate,0.0,0.0
hath,0.0,0.0
haughty,0.0,0.0
haunt,0.0,0.0
haunted,0.0,0.0
haunts,0.0,0.0
have,0.0,0.0
having,0.0,0.0
haze,0.0,0.0
he,0.0,0.0
he's,0.0,0.0
head,0.0,0.0
heads,0.0,0.0
heal,0.0,0.0
healing,0.0,0.0
health,0.0,0.0
heap,0.0,0.0
hear,0.0,0.0
heard,0.0,0.0
hears,0.0,0.0
heart,0.0,0.0
hearted,0.0,0.0
hearth,0.0,0.0
hearts,0.0,0.0
heat,0.0,0.0
heaven,0.0,0.0
heavenly,0.0,0.0
heavens,0.0,0.0
heaving,0.0,0.0
height,0.0,0.0
heights,0.0,0.0
heir,0.0,0.0
held,0.0,0.0
hell,0.0,0.0
helm,0.0,0.0
help,0.0,0.0
helpless,0.0,0.0
hence,0.0,0.0
henceforth,0.0,0.0
here,0.0,0.0
hero,0.0,0.0
heroes,0.0,0.0
heroic,0.0,0.0
hidden,0.0,0.0
hide,0.0,0.0
hides,0.0,0.0
hiding,0.0,0.0
high,0.0,0.0
higher,0.0,0.0
highest,0.0,0.0
hill,0.0,0.0
hills,0.0,0.0
himself,0.0,0.0
his,0.0,0.0
history,0.0,0.0
ho,0.0,0.0
hoarse,0.0,0.0
hold,0.0,0.0
holding,0.0,0.0
holds,0.0,0.0
hollow,0.0,0.0
holy,0.0,0.0
homage,0.0,0.0
home,0.0,0.0
homes,0.0,0.0
honest,0.0,0.0
honey,0.0,0.0
honour,0.0,0.0
honoured,0.0,0.0
honours,0.0,0.0
hope,0.0,0.0
hoped,0.0,0.0
hopes,0.0,0.0
horizon,0.0,0.0
horn,0.0,0.0
horror,0.0,0.0
horse,0.0,0.0
horses,0.0,0.0
host,0.0,0.0
hosts,0.0,0.0
hot,0.0,0.0
hour,0.0,0.0
hours,0.0,0.0
house,0.0,0.0
however,0.0,0.0
hue,0.0,0.0
hues,0.0,0.0
humble,0.0,0.0
hundred,0.0,0.0
hung,0.0,0.0
hunger,0.0,0.0
hungry,0.0,0.0
hurled,0.0,0.0
hurried,0.0,0.0
hush,0.0,0.0
hushed,0.0,0.0
hymn,0.0,0.0
i,0.0,0.0
i'd,0.0,0.0
i'm,0.0,0.0
i've,0.0,0.0
ice,0.0,0.0
icy,0.0,0.0
idle,0.0,0.0
idly,0.0,0.0
idol,0.0,0.0
if,0.0,0.0
ill,0.0,0.0
image,0.0,0.0
immortal,0.0,0.0
immortality,0.0,0.0
impart,0.0,0.0
impatient,0.0,0.0
impulse,0.0,0.0
in,0.0,0.0
incense,0.0,0.0
indeed,0.0,0.0
indian,0.0,0.0
infant,0.0,0.0
infinite,0.0,0.0
influence,0.0,0.0
inmost,0.0,0.0
inner,0.0,0.0
innocent,0.0,0.0
inspired,0.0,0.0
instant,0.0,0.0
instead,0.0,0.0
intense,0.0,0.0
intent,0.0,0.0
into,0.0,0.0
invisible,0.0,0.0
iron,0.0,0.0
is,0.0,0.0
island,0.0,0.0
isle,0.0,0.0
isles,0.0,0.0
it,0.0,0.0
it's,0.0,0.0
its,0.0,0.0
itself,0.0,0.0
ivy,0.0,0.0
j,0.0,0.0
jest,0.0,0.0
jesus,0.0,0.0
jewel,0.0,0.0
jewelled,0.0,0.0
jewels,0.0,0.0
join,0.0,0.0
joined,0.0,0.0
journey,0.0,0.0
joy,0.0,0.0
joyful,0.0,0.0
joyous,0.0,0.0
joys,0.0,0.0
judge,0.0,0.0
judgement,0.0,0.0
june,0.0,0.0
just,0.0,0.0
justice,0.0,0.0
k,0.0,0.0
keep,0.0,0.0
keeping,0.0,0.0
keeps,0.0,0.0
ken,0.0,0.0
kept,0.0,0.0
key,0.0,0.0
kill,0.0,0.0
kindled,0.0,0.0
kindly,0.0,0.0
kindness,0.0,0.0
kindred,0.0,0.0
king,0.0,0.0
kingdom,0.0,0.0
kingly,0.0,0.0
kings,0.0,0.0
kiss,0.0,0.0
kissed,0.0,0.0
kisses,0.0,0.0
knee,0.0,0.0
kneeling,0.0,0.0
knees,0.0,0.0
knell,0.0,0.0
knife,0.0,0.0
knight,0.0,0.0
know,0.0,0.0
knowing,0.0,0.0
knowledge,0.0,0.0
known,0.0,0.0
knows,0.0,0.0
labour,0.0,0.0
labours,0.0,0.0
lack,0.0,0.0
lad,0.0,0.0
laden,0.0,0.0
ladies,0.0,0.0
lady,0.0,0.0
laid,0.0,0.0
lain,0.0,0.0
lair,0.0,0.0
lake,0.0,0.0
lamb,0.0,0.0
lamp,0.0,0.0
lamps,0.0,0.0
land,0.0,0.0
lands,0.0,0.0
landscape,0.0,0.0
lane,0.0,0.0
language,0.0,0.0
languid,0.0,0.0
lap,0.0,0.0
large,0.0,0.0
lark,0.0,0.0
last,0.0,0.0
late,0.0,0.0
later,0.0,0.0
latest,0.0,0.0
laugh,0.0,0.0
laughed,0.0,0.0
laughing,0.0,0.0
laughs,0.0,0.0
laurel,0.0,0.0
lawn,0.0,0.0
lay,0.0,0.0
lays,0.0,0.0
lead,0.0,0.0
leader,0.0,0.0
leading,0.0,0.0
leads,0.0,0.0
leafy,0.0,0.0
lean,0.0,0.0
leaned,0.0,0.0
leaning,0.0,0.0
leap,0.0,0.0
leaping,0.0,0.0
leaps,0.0,0.0
leapt,0.0,0.0
learn,0.0,0.0
learning,0.0,0.0
least,0.0,0.0
leaves,0.0,0.0
leaving,0.0,0.0
left,0.0,0.0
legend,0.0,0.0
lend,0.0,0.0
length,0.0,0.0
lent,0.0,0.0
less,0.0,0.0
lesson,0.0,0.0
let,0.0,0.0
letter,0.0,0.0
letters,0.0,0.0
level,0.0,0.0
liberty,0.0,0.0
lies,0.0,0.0
life,0.0,0.0
lift,0.0,0.0
lifted,0.0,0.0
lifts,0.0,0.0
light,0.0,0.0
lighted,0.0,0.0
lightly,0.0,0.0
lightning,0.0,0.0
lightnings,0.0,0.0
lights,0.0,0.0
lilies,0.0,0.0
lily,0.0,0.0
limbs,0.0,0.0
line,0.0,0.0
lines,0.0,0.0
lingered,0.0,0.0
lingers,0.0,0.0
linked,0.0,0.0
lion,0.0,0.0
lip,0.0,0.0
lips,0.0,0.0
list,0.0,0.0
listen,0.0,0.0
listened,0.0,0.0
listening,0.0,0.0
live,0.0,0.0
lived,0.0,0.0
lives,0.0,0.0
living,0.0,0.0
lo,0.0,0.0
load,0.0,0.0
locked,0.0,0.0
locks,0.0,0.0
lofty,0.0,0.0
london,0.0,0.0
lone,0.0,0.0
loneliness,0.0,0.0
lonely,0.0,0.0
long,0.0,0.0
longing,0.0,0.0
look,0.0,0.0
looked,0.0,0.0
looking,0.0,0.0
loom,0.0,0.0
loose,0.0,0.0
lords,0.0,0.0
lore,0.0,0.0
lose,0.0,0.0
loss,0.0,0.0
lost,0.0,0.0
loud,0.0,0.0
louder,0.0,0.0
love,0.0,0.0
loved,0.0,0.0
lovelier,0.0,0.0
lovely,0.0,0.0
lover,0.0,0.0
loves,0.0,0.0
low,0.0,0.0
lower,0.0,0.0
lowly,0.0,0.0
loyal,0.0,0.0
lure,0.0,0.0
lustre,0.0,0.0
lute,0.0,0.0
m,0.0,0.0
mad,0.0,0.0
made,0.0,0.0
madness,0.0,0.0
magic,0.0,0.0
maid,0.0,0.0
maiden,0.0,0.0
maids,0.0,0.0
main,0.0,0.0
majestic,0.0,0.0
majesty,0.0,0.0
make,0.0,0.0
maker,0.0,0.0
makes,0.0,0.0
making,0.0,0.0
man,0.0,0.0
manhood,0.0,0.0
mankind,0.0,0.0
manly,0.0,0.0
mantle,0.0,0.0
many,0.0,0.0
mar,0.0,0.0
marble,0.0,0.0
march,0.0,0.0
mark,0.0,0.0
marked,0.0,0.0
marks,0.0,0.0
marriage,0.0,0.0
mars,0.0,0.0
martyr,0.0,0.0
marvel,0.0,0.0
mary,0.0,0.0
mass,0.0,0.0
master,0.0,0.0
mate,0.0,0.0
matter,0.0,0.0
may,0.0,0.0
maze,0.0,0.0
me,0.0,0.0
meadow,0.0,0.0
meadows,0.0,0.0
mean,0.0,0.0
meaning,0.0,0.0
means,0.0,0.0
meant,0.0,0.0
measured,0.0,0.0
meek,0.0,0.0
meet,0.0,0.0
meeting,0.0,0.0
meets,0.0,0.0
melancholy,0.0,0.0
mellow,0.0,0.0
melodious,0.0,0.0
melody,0.0,0.0
melt,0.0,0.0
melting,0.0,0.0
memories,0.0,0.0
memory,0.0,0.0
men,0.0,0.0
mercy,0.0,0.0
mere,0.0,0.0
message,0.0,0.0
met,0.0,0.0
methinks,0.0,0.0
mid,0.0,0.0
midnight,0.0,0.0
midst,0.0,0.0
mien,0.0,0.0
mighty,0.0,0.0
mild,0.0,0.0
mile,0.0,0.0
miles,0.0,0.0
milk,0.0,0.0
million,0.0,0.0
millions,0.0,0.0
mind,0.0,0.0
minds,0.0,0.0
mine,0.0,0.0
mingling,0.0,0.0
minstrel,0.0,0.0
mirror,0.0,0.0
misery,0.0,0.0
missed,0.0,0.0
mist,0.0,0.0
mistress,0.0,0.0
mists,0.0,0.0
misty,0.0,0.0
mixed,0.0,0.0
mocked,0.0,0.0
mocking,0.0,0.0
modest,0.0,0.0
moment,0.0,0.0
monarch,0.0,0.0
money,0.0,0.0
monster,0.0,0.0
month,0.0,0.0
months,0.0,0.0
mood,0.0,0.0
moon,0.0,0.0
moonlight,0.0,0.0
moral,0.0,0.0
more,0.0,0.0
morn,0.0,0.0
morrow,0.0,0.0
mortal,0.0,0.0
mortals,0.0,0.0
moss,0.0,0.0
mossy,0.0,0.0
mother,0.0,0.0
motion,0.0,0.0
mould,0.0,0.0
mound,0.0,0.0
mount,0.0,0.0
mountain,0.0,0.0
mountains,0.0,0.0
mourn,0.0,0.0
mourned,0.0,0.0
mournful,0.0,0.0
mourning,0.0,0.0
mouth,0.0,0.0
move,0.0,0.0
moved,0.0,0.0
moves,0.0,0.0
moving,0.0,0.0
much,0.0,0.0
multitude,0.0,0.0
murmur,0.0,0.0
murmured,0.0,0.0
murmuring,0.0,0.0
muse,0.0,0.0
music,0.0,0.0
musical,0.0,0.0
musing,0.0,0.0
must,0.0,0.0
mute,0.0,0.0
my,0.0,0.0
myriad,0.0,0.0
mysteries,0.0,0.0
mysterious,0.0,0.0
mystery,0.0,0.0
mystic,0.0,0.0
n,0.0,0.0
naked,0.0,0.0
name,0.0,0.0
named,0.0,0.0
names,0.0,0.0
narrow,0.0,0.0
nations,0.0,0.0
natural,0.0,0.0
near,0.0,0.0
nearer,0.0,0.0
neck,0.0,0.0
need,0.0,0.0
needed,0.0,0.0
needs,0.0,0.0
neighbour,0.0,0.0
neither,0.0,0.0
never,0.0,0.0
new,0.0,0.0
newborn,0.0,0.0
news,0.0,0.0
next,0.0,0.0
nigh,0.0,0.0
night,0.0,0.0
nightly,0.0,0.0
nine,0.0,0.0
no,0.0,0.0
nobler,0.0,0.0
noblest,0.0,0.0
nobly,0.0,0.0
nod,0.0,0.0
noise,0.0,0.0
noisy,0.0,0.0
none,0.0,0.0
nook,0.0,0.0
noon,0.0,0.0
noonday,0.0,0.0
nor,0.0,0.0
north,0.0,0.0
not,0.0,0.0
note,0.0,0.0
now,0.0,0.0
number,0.0,0.0
numbers,0.0,0.0
nurse,0.0,0.0
o,0.0,0.0
oak,0.0,0.0
obey,0.0,0.0
oblivion,0.0,0.0
ocean,0.0,0.0
odours,0.0,0.0
of,0.0,0.0
off,0.0,0.0
offer,0.0,0.0
often,0.0,0.0
oh,0.0,0.0
oil,0.0,0.0
old,0.0,0.0
on,0.0,0.0
one,0.0,0.0
ones,0.0,0.0
only,0.0,0.0
onward,0.0,0.0
open,0.0,0.0
opened,0.0,0.0
opening,0.0,0.0
opens,0.0,0.0
oppressed,0.0,0.0
or,0.0,0.0
orange,0.0,0.0
orb,0.0,0.0
orchard,0.0,0.0
order,0.0,0.0
other,0.0,0.0
others,0.0,0.0
ought,0.0,0.0
our,0.0,0.0
ours,0.0,0.0
ourselves,0.0,0.0
out,0.0,0.0
outside,0.0,0.0
outward,0.0,0.0
overhead,0.0,0.0
own,0.0,0.0
p,0.0,0.0
pace,0.0,0.0
pages,0.0,0.0
paid,0.0,0.0
pain,0.0,0.0
pains,0.0,0.0
paint,0.0,0.0
painted,0.0,0.0
pair,0.0,0.0
palace,0.0,0.0
palaces,0.0,0.0
pale,0.0,0.0
pall,0.0,0.0
pallid,0.0,0.0
palm,0.0,0.0
pangs,0.0,0.0
panting,0.0,0.0
paradise,0.0,0.0
pardon,0.0,0.0
parent,0.0,0.0
parents,0.0,0.0
parted,0.0,0.0
parts,0.0,0.0
pass,0.0,0.0
passed,0.0,0.0
passes,0.0,0.0
passing,0.0,0.0
passion,0.0,0.0
passionate,0.0,0.0
passions,0.0,0.0
past,0.0,0.0
path,0.0,0.0
paths,0.0,0.0
pathway,0.0,0.0
patience,0.0,0.0
pause,0.0,0.0
pay,0.0,0.0
peace,0.0,0.0
peaceful,0.0,0.0
peak,0.0,0.0
pearl,0.0,0.0
pearls,0.0,0.0
peasant,0.0,0.0
peer,0.0,0.0
pen,0.0,0.0
pensive,0.0,0.0
people,0.0,0.0
perchance,0.0,0.0
perfect,0.0,0.0
perfume,0.0,0.0
perhaps,0.0,0.0
perish,0.0,0.0
pictured,0.0,0.0
pictures,0.0,0.0
pierce,0.0,0.0
pierced,0.0,0.0
piercing,0.0,0.0
pile,0.0,0.0
piled,0.0,0.0
pilgrim,0.0,0.0
pillow,0.0,0.0
pine,0.0,0.0
pinions,0.0,0.0
pink,0.0,0.0
pious,0.0,0.0
pipe,0.0,0.0
piteous,0.0,0.0
pitying,0.0,0.0
place,0.0,0.0
placed,0.0,0.0
places,0.0,0.0
placid,0.0,0.0
plain,0.0,0.0
plant,0.0,0.0
planted,0.0,0.0
play,0.0,0.0
pleading,0.0,0.0
pleasant,0.0,0.0
please,0.0,0.0
pleasure,0.0,0.0
plenty,0.0,0.0
plough,0.0,0.0
pluck,0.0,0.0
plucked,0.0,0.0
plume,0.0,0.0
plunged,0.0,0.0
poems,0.0,0.0
poet,0.0,0.0
poets,0.0,0.0
point,0.0,0.0
pointed,0.0,0.0
points,0.0,0.0
poison,0.0,0.0
pole,0.0,0.0
pool,0.0,0.0
poor,0.0,0.0
port,0.0,0.0
portal,0.0,0.0
portals,0.0,0.0
portion,0.0,0.0
possess,0.0,0.0
possessed,0.0,0.0
poured,0.0,0.0
pours,0.0,0.0
poverty,0.0,0.0
powers,0.0,0.0
praise,0.0,0.0
praised,0.0,0.0
praises,0.0,0.0
pray,0.0,0.0
prayed,0.0,0.0
prayer,0.0,0.0
prayers,0.0,0.0
precious,0.0,0.0
prepare,0.0,0.0
prepared,0.0,0.0
press,0.0,0.0
pressed,0.0,0.0
pretty,0.0,0.0
prey,0.0,0.0
price,0.0,0.0
pride,0.0,0.0
priest,0.0,0.0
priests,0.0,0.0
prime,0.0,0.0
prince,0.0,0.0
prison,0.0,0.0
prize,0.0,0.0
proclaim,0.0,0.0
profound,0.0,0.0
promise,0.0,0.0
promised,0.0,0.0
proof,0.0,0.0
prophet,0.0,0.0
proud,0.0,0.0
proudly,0.0,0.0
prove,0.0,0.0
proved,0.0,0.0
public,0.0,0.0
pulse,0.0,0.0
purer,0.0,0.0
purity,0.0,0.0
purple,0.0,0.0
purpose,0.0,0.0
pursue,0.0,0.0
put,0.0,0.0
quaint,0.0,0.0
queen,0.0,0.0
quench,0.0,0.0
quenched,0.0,0.0
quest,0.0,0.0
question,0.0,0.0
quick,0.0,0.0
quickly,0.0,0.0
quiet,0.0,0.0
quite,0.0,0.0
quiver,0.0,0.0
quivering,0.0,0.0
r,0.0,0.0
race,0.0,0.0
radiance,0.0,0.0
radiant,0.0,0.0
rain,0.0,0.0
rains,0.0,0.0
raise,0.0,0.0
raised,0.0,0.0
ran,0.0,0.0
range,0.0,0.0
rank,0.0,0.0
ranks,0.0,0.0
rapid,0.0,0.0
rapt,0.0,0.0
rapture,0.0,0.0
rare,0.0,0.0
rather,0.0,0.0
ray,0.0,0.0
rays,0.0,0.0
reach,0.0,0.0
reached,0.0,0.0
read,0.0,0.0
reading,0.0,0.0
ready,0.0,0.0
real,0.0,0.0
realm,0.0,0.0
realms,0.0,0.0
reap,0.0,0.0
rear,0.0,0.0
reared,0.0,0.0
reason,0.0,0.0
receive,0.0,0.0
received,0.0,0.0
reckless,0.0,0.0
record,0.0,0.0
reed,0.0,0.0
reflected,0.0,0.0
refrain,0.0,0.0
refuge,0.0,0.0
refuse,0.0,0.0
regal,0.0,0.0
regret,0.0,0.0
reign,0.0,0.0
reigns,0.0,0.0
rejoice,0.0,0.0
rejoicing,0.0,0.0
relief,0.0,0.0
remain,0.0,0.0
remember,0.0,0.0
remembrance,0.0,0.0
remote,0.0,0.0
renew,0.0,0.0
renown,0.0,0.0
rent,0.0,0.0
replied,0.0,0.0
reply,0.0,0.0
repose,0.0,0.0
rest,0.0,0.0
rested,0.0,0.0
resting,0.0,0.0
restless,0.0,0.0
restore,0.0,0.0
rests,0.0,0.0
retreat,0.0,0.0
return,0.0,0.0
returning,0.0,0.0
returns,0.0,0.0
revealed,0.0,0.0
reward,0.0,0.0
rhyme,0.0,0.0
rich,0.0,0.0
richer,0.0,0.0
riches,0.0,0.0
richest,0.0,0.0
ride,0.0,0.0
rides,0.0,0.0
rife,0.0,0.0
right,0.0,0.0
righteous,0.0,0.0
rill,0.0,0.0
rills,0.0,0.0
rim,0.0,0.0
ring,0.0,0.0
rings,0.0,0.0
rippling,0.0,0.0
rise,0.0,0.0
risen,0.0,0.0
rises,0.0,0.0
rising,0.0,0.0
rival,0.0,0.0
riven,0.0,0.0
rivers,0.0,0.0
road,0.0,0.0
roam,0.0,0.0
roar,0.0,0.0
roaring,0.0,0.0
robe,0.0,0.0
robed,0.0,0.0
robes,0.0,0.0
rock,0.0,0.0
rocks,0.0,0.0
rocky,0.0,0.0
rod,0.0,0.0
rode,0.0,0.0
roll,0.0,0.0
rolled,0.0,0.0
rolling,0.0,0.0
roman,0.0,0.0
rome,0.0,0.0
roof,0.0,0.0
room,0.0,0.0
root,0.0,0.0
roots,0.0,0.0
roses,0.0,0.0
rosy,0.0,0.0
rough,0.0,0.0
rouse,0.0,0.0
roused,0.0,0.0
rout,0.0,0.0
row,0.0,0.0
royal,0.0,0.0
ruddy,0.0,0.0
rude,0.0,0.0
ruin,0.0,0.0
ruined,0.0,0.0
ruins,0.0,0.0
rule,0.0,0.0
ruled,0.0,0.0
rules,0.0,0.0
run,0.0,0.0
running,0.0,0.0
runs,0.0,0.0
rush,0.0,0.0
rushes,0.0,0.0
rushing,0.0,0.0
s,0.0,0.0
sabbath,0.0,0.0
sacrifice,0.0,0.0
sad,0.0,0.0
sadly,0.0,0.0
sadness,0.0,0.0
safe,0.0,0.0
sage,0.0,0.0
said,0.0,0.0
sail,0.0,0.0
sailed,0.0,0.0
sailing,0.0,0.0
sails,0.0,0.0
saint,0.0,0.0
saints,0.0,0.0
saith,0.0,0.0
salt,0.0,0.0
same,0.0,0.0
sands,0.0,0.0
sang,0.0,0.0
sank,0.0,0.0
sat,0.0,0.0
savage,0.0,0.0
save,0.0,0.0
saw,0.0,0.0
say,0.0,0.0
saying,0.0,0.0
scan,0.0,0.0
scarcely,0.0,0.0
scarlet,0.0,0.0
scatter,0.0,0.0
scene,0.0,0.0
scenes,0.0,0.0
scented,0.0,0.0
sceptre,0.0,0.0
school,0.0,0.0
science,0.0,0.0
score,0.0,0.0
scroll,0.0,0.0
sea,0.0,0.0
seal,0.0,0.0
search,0.0,0.0
seas,0.0,0.0
seat,0.0,0.0
second,0.0,0.0
secret,0.0,0.0
secure,0.0,0.0
see,0.0,0.0
seed,0.0,0.0
seeds,0.0,0.0
seeing,0.0,0.0
seek,0.0,0.0
seeking,0.0,0.0
seeks,0.0,0.0
seem,0.0,0.0
seemed,0.0,0.0
seeming,0.0,0.0
seems,0.0,0.0
seen,0.0,0.0
sees,0.0,0.0
seize,0.0,0.0
seized,0.0,0.0
selfish,0.0,0.0
sends,0.0,0.0
sense,0.0,0.0
senses,0.0,0.0
sent,0.0,0.0
serene,0.0,0.0
serpent,0.0,0.0
servant,0.0,0.0
serve,0.0,0.0
service,0.0,0.0
set,0.0,0.0
sets,0.0,0.0
setting,0.0,0.0
shade,0.0,0.0
shades,0.0,0.0
shadow,0.0,0.0
shadows,0.0,0.0
shadowy,0.0,0.0
shady,0.0,0.0
shaft,0.0,0.0
shaken,0.0,0.0
shall,0.0,0.0
shalt,0.0,0.0
shame,0.0,0.0
shape,0.0,0.0
shapes,0.0,0.0
share,0.0,0.0
shared,0.0,0.0
sharp,0.0,0.0
shed,0.0,0.0
sheen,0.0,0.0
sheep,0.0,0.0
shell,0.0,0.0
shield,0.0,0.0
shine,0.0,0.0
shines,0.0,0.0
shining,0.0,0.0
ship,0.0,0.0
ships,0.0,0.0
shivering,0.0,0.0
shone,0.0,0.0
shook,0.0,0.0
shore,0.0,0.0
shores,0.0,0.0
short,0.0,0.0
should,0.0,0.0
shoulder,0.0,0.0
shoulders,0.0,0.0
shout,0.0,0.0
shouts,0.0,0.0
show,0.0,0.0
showed,0.0,0.0
showers,0.0,0.0
shown,0.0,0.0
shows,0.0,0.0
shriek,0.0,0.0
shrill,0.0,0.0
shrine,0.0,0.0
shrink,0.0,0.0
shroud,0.0,0.0
shuddering,0.0,0.0
shun,0.0,0.0
shy,0.0,0.0
sick,0.0,0.0
side,0.0,0.0
sides,0.0,0.0
sigh,0.0,0.0
sighing,0.0,0.0
sighs,0.0,0.0
sight,0.0,0.0
sights,0.0,0.0
signal,0.0,0.0
signs,0.0,0.0
silence,0.0,0.0
silent,0.0,0.0
silently,0.0,0.0
silken,0.0,0.0
silver,0.0,0.0
silvery,0.0,0.0
simple,0.0,0.0
sin,0.0,0.0
sing,0.0,0.0
singing,0.0,0.0
single,0.0,0.0
sings,0.0,0.0
sink,0.0,0.0
sinking,0.0,0.0
sinks,0.0,0.0
sins,0.0,0.0
sir,0.0,0.0
sire,0.0,0.0
sister,0.0,0.0
sisters,0.0,0.0
sit,0.0,0.0
sits,0.0,0.0
skies,0.0,0.0
skill,0.0,0.0
skin,0.0,0.0
sky,0.0,0.0
slain,0.0,0.0
slave,0.0,0.0
slaves,0.0,0.0
slay,0.0,0.0
sleep,0.0,0.0
sleeping,0.0,0.0
sleeps,0.0,0.0
slender,0.0,0.0
slept,0.0,0.0
slight,0.0,0.0
slope,0.0,0.0
slumber,0.0,0.0
slumbering,0.0,0.0
slumbers,0.0,0.0
small,0.0,0.0
smart,0.0,0.0
smell,0.0,0.0
smile,0.0,0.0
smiled,0.0,0.0
smiles,0.0,0.0
smiling,0.0,0.0
smote,0.0,0.0
snare,0.0,0.0
snow,0.0,0.0
snows,0.0,0.0
snowy,0.0,0.0
so,0.0,0.0
soar,0.0,0.0
soaring,0.0,0.0
sod,0.0,0.0
soft,0.0,0.0
softer,0.0,0.0
soil,0.0,0.0
solace,0.0,0.0
sold,0.0,0.0
soldier,0.0,0.0
soldiers,0.0,0.0
sole,0.0,0.0
solemn,0.0,0.0
solitary,0.0,0.0
solitude,0.0,0.0
sombre,0.0,0.0
some,0.0,0.0
something,0.0,0.0
sometimes,0.0,0.0
somewhere,0.0,0.0
song,0.0,0.0
songs,0.0,0.0
soon,0.0,0.0
soothe,0.0,0.0
soothing,0.0,0.0
sore,0.0,0.0
sorrow,0.0,0.0
sorrowing,0.0,0.0
sorrows,0.0,0.0
sought,0.0,0.0
soul,0.0,0.0
souls,0.0,0.0
sound,0.0,0.0
sounding,0.0,0.0
sounds,0.0,0.0
source,0.0,0.0
south,0.0,0.0
southern,0.0,0.0
sovereign,0.0,0.0
sown,0.0,0.0
span,0.0,0.0
spare,0.0,0.0
spared,0.0,0.0
spark,0.0,0.0
sparkling,0.0,0.0
speak,0.0,0.0
speaking,0.0,0.0
speaks,0.0,0.0
spear,0.0,0.0
speech,0.0,0.0
spell,0.0,0.0
spend,0.0,0.0
sphere,0.0,0.0
spheres,0.0,0.0
spirit,0.0,0.0
spirits,0.0,0.0
spite,0.0,0.0
splendid,0.0,0.0
splendour,0.0,0.0
splendours,0.0,0.0
spoil,0.0,0.0
spoken,0.0,0.0
sport,0.0,0.0
spot,0.0,0.0
spotless,0.0,0.0
sprang,0.0,0.0
spray,0.0,0.0
spread,0.0,0.0
spreading,0.0,0.0
spreads,0.0,0.0
spring,0.0,0.0
springing,0.0,0.0
springs,0.0,0.0
springtime,0.0,0.0
sprung,0.0,0.0
st,0.0,0.0
staff,0.0,0.0
stained,0.0,0.0
stair,0.0,0.0
stand,0.0,0.0
standing,0.0,0.0
stands,0.0,0.0
star,0.0,0.0
stare,0.0,0.0
stars,0.0,0.0
start,0.0,0.0
started,0.0,0.0
startled,0.0,0.0
state,0.0,0.0
stately,0.0,0.0
statue,0.0,0.0
stay,0.0,0.0
steadfast,0.0,0.0
steady,0.0,0.0
stealing,0.0,0.0
steals,0.0,0.0
steed,0.0,0.0
steeds,0.0,0.0
steel,0.0,0.0
steep,0.0,0.0
stem,0.0,0.0
step,0.0,0.0
stepped,0.0,0.0
steps,0.0,0.0
stern,0.0,0.0
stiff,0.0,0.0
still,0.0,0.0
stillness,0.0,0.0
sting,0.0,0.0
stirred,0.0,0.0
stirring,0.0,0.0
stirs,0.0,0.0
stone,0.0,0.0
stones,0.0,0.0
stony,0.0,0.0
stood,0.0,0.0
stoop,0.0,0.0
stop,0.0,0.0
stopped,0.0,0.0
store,0.0,0.0
storm,0.0,0.0
storms,0.0,0.0
stormy,0.0,0.0
story,0.0,0.0
strain,0.0,0.0
strains,0.0,0.0
strange,0.0,0.0
strangely,0.0,0.0
stranger,0.0,0.0
strangers,0.0,0.0
stray,0.0,0.0
strayed,0.0,0.0
stream,0.0,0.0
streaming,0.0,0.0
streams,0.0,0.0
street,0.0,0.0
streets,0.0,0.0
strength,0.0,0.0
stretch,0.0,0.0
strewn,0.0,0.0
strife,0.0,0.0
strike,0.0,0.0
strikes,0.0,0.0
string,0.0,0.0
strings,0.0,0.0
strive,0.0,0.0
striving,0.0,0.0
stroke,0.0,0.0
strong,0.0,0.0
stronger,0.0,0.0
strove,0.0,0.0
struck,0.0,0.0
struggling,0.0,0.0
style,0.0,0.0
sublime,0.0,0.0
subtle,0.0,0.0
success,0.0,0.0
such,0.0,0.0
sudden,0.0,0.0
suffer,0.0,0.0
suffered,0.0,0.0
suffering,0.0,0.0
suit,0.0,0.0
summer,0.0,0.0
summit,0.0,0.0
summons,0.0,0.0
sun,0.0,0.0
sunbeam,0.0,0.0
sunbeams,0.0,0.0
sung,0.0,0.0
sunk,0.0,0.0
sunny,0.0,0.0
sunrise,0.0,0.0
suns,0.0,0.0
sunset,0.0,0.0
sunshine,0.0,0.0
supreme,0.0,0.0
surely,0.0,0.0
surge,0.0,0.0
surprise,0.0,0.0
swallow,0.0,0.0
sway,0.0,0.0
swayed,0.0,0.0
swear,0.0,0.0
sweep,0.0,0.0
sweeping,0.0,0.0
sweeps,0.0,0.0
sweet,0.0,0.0
sweeter,0.0,0.0
sweetest,0.0,0.0
sweetly,0.0,0.0
sweetness,0.0,0.0
sweets,0.0,0.0
swell,0.0,0.0
swelling,0.0,0.0
swells,0.0,0.0
swept,0.0,0.0
swift,0.0,0.0
swiftly,0.0,0.0
sword,0.0,0.0
swung,0.0,0.0
sympathy,0.0,0.0
t,0.0,0.0
take,0.0,0.0
taken,0.0,0.0
takes,0.0,0.0
taking,0.0,0.0
tale,0.0,0.0
tales,0.0,0.0
talk,0.0,0.0
talked,0.0,0.0
tall,0.0,0.0
tame,0.0,0.0
tangled,0.0,0.0
task,0.0,0.0
taste,0.0,0.0
taught,0.0,0.0
teach,0.0,0.0
tear,0.0,0.0
tearful,0.0,0.0
tears,0.0,0.0
teeth,0.0,0.0
telling,0.0,0.0
tells,0.0,0.0
tempest,0.0,0.0
tempests,0.0,0.0
temple,0.0,0.0
temples,0.0,0.0
ten,0.0,0.0
tender,0.0,0.0
tenderly,0.0,0.0
tenderness,0.0,0.0
tent,0.0,0.0
terrible,0.0,0.0
terror,0.0,0.0
th,0.0,0.0
than,0.0,0.0
thanks,0.0,0.0
that,0.0,0.0
the,0.0,0.0
thee,0.0,0.0
their,0.0,0.0
theirs,0.0,0.0
them,0.0,0.0
theme,0.0,0.0
themselves,0.0,0.0
then,0.0,0.0
thence,0.0,0.0
therefore,0.0,0.0
these,0.0,0.0
they,0.0,0.0
thick,0.0,0.0
thin,0.0,0.0
thine,0.0,0.0
thing,0.0,0.0
things,0.0,0.0
think,0.0,0.0
thinking,0.0,0.0
thinks,0.0,0.0
third,0.0,0.0
this,0.0,0.0
thither,0.0,0.0
thorns,0.0,0.0
those,0.0,0.0
thou,0.0,0.0
though,0.0,0.0
thought,0.0,0.0
thoughts,0.0,0.0
thousand,0.0,0.0
thousands,0.0,0.0
thrall,0.0,0.0
three,0.0,0.0
threw,0.0,0.0
thrill,0.0,0.0
thrilled,0.0,0.0
thrilling,0.0,0.0
thrills,0.0,0.0
throbbing,0.0,0.0
throne,0.0,0.0
throughout,0.0,0.0
throw,0.0,0.0
thrown,0.0,0.0
throws,0.0,0.0
thrust,0.0,0.0
thunder,0.0,0.0
thunders,0.0,0.0
thy,0.0,0.0
tide,0.0,0.0
tidings,0.0,0.0
tie,0.0,0.0
ties,0.0,0.0
time,0.0,0.0
timid,0.0,0.0
tints,0.0,0.0
tiny,0.0,0.0
to,0.0,0.0
today,0.0,0.0
together,0.0,0.0
toil,0.0,0.0
toils,0.0,0.0
token,0.0,0.0
told,0.0,0.0
tomb,0.0,0.0
tomorrow,0.0,0.0
tones,0.0,0.0
tongue,0.0,0.0
tongues,0.0,0.0
tonight,0.0,0.0
too,0.0,0.0
took,0.0,0.0
top,0.0,0.0
tops,0.0,0.0
torch,0.0,0.0
tore,0.0,0.0
torn,0.0,0.0
torrent,0.0,0.0
toss,0.0,0.0
tossed,0.0,0.0
touch,0.0,0.0
touched,0.0,0.0
toward,0.0,0.0
towards,0.0,0.0
tower,0.0,0.0
towering,0.0,0.0
towers,0.0,0.0
town,0.0,0.0
trace,0.0,0.0
traced,0.0,0.0
track,0.0,0.0
trade,0.0,0.0
train,0.0,0.0
tranquil,0.0,0.0
travel,0.0,0.0
traveller,0.0,0.0
tread,0.0,0.0
treasure,0.0,0.0
treasures,0.0,0.0
tree,0.0,0.0
trees,0.0,0.0
tremble,0.0,0.0
trembles,0.0,0.0
trembling,0.0,0.0
tremulous,0.0,0.0
tresses,0.0,0.0
tribute,0.0,0.0
tried,0.0,0.0
triumph,0.0,0.0
triumphant,0.0,0.0
trouble,0.0,0.0
troubled,0.0,0.0
true,0.0,0.0
truly,0.0,0.0
trust,0.0,0.0
truth,0.0,0.0
try,0.0,0.0
tumult,0.0,0.0
tune,0.0,0.0
turn,0.0,0.0
turned,0.0,0.0
turns,0.0,0.0
twain,0.0,0.0
twas,0.0,0.0
twelve,0.0,0.0
twenty,0.0,0.0
twine,0.0,0.0
twined,0.0,0.0
twixt,0.0,0.0
two,0.0,0.0
u,0.0,0.0
unconscious,0.0,0.0
under,0.0,0.0
underneath,0.0,0.0
understand,0.0,0.0
understood,0.0,0.0
undone,0.0,0.0
unfold,0.0,0.0
union,0.0,0.0
universal,0.0,0.0
universe,0.0,0.0
unknown,0.0,0.0
unless,0.0,0.0
unseen,0.0,0.0
untold,0.0,0.0
up,0.0,0.0
upon,0.0,0.0
upper,0.0,0.0
upward,0.0,0.0
us,0.0,0.0
use,0.0,0.0
used,0.0,0.0
useless,0.0,0.0
utmost,0.0,0.0
uttered,0.0,0.0
vacant,0.0,0.0
vague,0.0,0.0
vain,0.0,0.0
vale,0.0,0.0
vales,0.0,0.0
valley,0.0,0.0
valleys,0.0,0.0
vanish,0.0,0.0
vanished,0.0,0.0
varied,0.0,0.0
various,0.0,0.0
vast,0.0,0.0
veiled,0.0,0.0
velvet,0.0,0.0
vengeance,0.0,0.0
verge,0.0,0.0
verse,0.0,0.0
very,0.0,0.0
vessel,0.0,0.0
vexed,0.0,0.0
victim,0.0,0.0
victor,0.0,0.0
victory,0.0,0.0
vile,0.0,0.0
village,0.0,0.0
vine,0.0,0.0
violet,0.0,0.0
virgin,0.0,0.0
virtues,0.0,0.0
vision,0.0,0.0
voice,0.0,0.0
voices,0.0,0.0
void,0.0,0.0
vow,0.0,0.0
vows,0.0,0.0
w,0.0,0.0
wail,0.0,0.0
wait,0.0,0.0
waited,0.0,0.0
waiting,0.0,0.0
waits,0.0,0.0
wake,0.0,0.0
waking,0.0,0.0
walk,0.0,0.0
walked,0.0,0.0
wall,0.0,0.0
walls,0.0,0.0
wand,0.0,0.0
wander,0.0,0.0
wanderer,0.0,0.0
wandering,0.0,0.0
waning,0.0,0.0
want,0.0,0.0
wants,0.0,0.0
war,0.0,0.0
warm,0.0,0.0
warmth,0.0,0.0
warning,0.0,0.0
wars,0.0,0.0
was,0.0,0.0
wash,0.0,0.0
washed,0.0,0.0
waste,0.0,0.0
wasted,0.0,0.0
watch,0.0,0.0
watched,0.0,0.0
watches,0.0,0.0
watchful,0.0,0.0
watching,0.0,0.0
water,0.0,0.0
waters,0.0,0.0
wave,0.0,0.0
waves,0.0,0.0
waving,0.0,0.0
way,0.0,0.0
ways,0.0,0.0
wayward,0.0,0.0
we'll,0.0,0.0
weak,0.0,0.0
weakness,0.0,0.0
wealth,0.0,0.0
wear,0.0,0.0
wearied,0.0,0.0
weariness,0.0,0.0
wears,0.0,0.0
weary,0.0,0.0
weather,0.0,0.0
weave,0.0,0.0
web,0.0,0.0
wed,0.0,0.0
wedding,0.0,0.0
weed,0.0,0.0
week,0.0,0.0
weep,0.0,0.0
weeping,0.0,0.0
welcome,0.0,0.0
went,0.0,0.0
wept,0.0,0.0
were,0.0,0.0
west,0.0,0.0
wet,0.0,0.0
wheat,0.0,0.0
wheels,0.0,0.0
when,0.0,0.0
whence,0.0,0.0
whenever,0.0,0.0
wherefore,0.0,0.0
wherein,0.0,0.0
whereon,0.0,0.0
wherever,0.0,0.0
whether,0.0,0.0
which,0.0,0.0
while,0.0,0.0
whispered,0.0,0.0
whispering,0.0,0.0
whispers,0.0,0.0
white,0.0,0.0
whither,0.0,0.0
who,0.0,0.0
whole,0.0,0.0
wholly,0.0,0.0
whom,0.0,0.0
why,0.0,0.0
wicked,0.0,0.0
wide,0.0,0.0
widow,0.0,0.0
wife,0.0,0.0
wild,0.0,0.0
wilderness,0.0,0.0
will,0.0,0.0
willing,0.0,0.0
willow,0.0,0.0
wilt,0.0,0.0
win,0.0,0.0
wind,0.0,0.0
winding,0.0,0.0
window,0.0,0.0
windows,0.0,0.0
winds,0.0,0.0
wings,0.0,0.0
winter,0.0,0.0
wintery,0.0,0.0
wisdom,0.0,0.0
wise,0.0,0.0
wish,0.0,0.0
wished,0.0,0.0
wishes,0.0,0.0
wit,0.0,0.0
with,0.0,0.0
wither,0.0,0.0
withered,0.0,0.0
withering,0.0,0.0
within,0.0,0.0
without,0.0,0.0
woes,0.0,0.0
wolf,0.0,0.0
woman,0.0,0.0
women,0.0,0.0
won,0.0,0.0
wonderful,0.0,0.0
wondering,0.0,0.0
wonders,0.0,0.0
woo,0.0,0.0
wood,0.0,0.0
woodland,0.0,0.0
woods,0.0,0.0
word,0.0,0.0
words,0.0,0.0
work,0.0,0.0
working,0.0,0.0
works,0.0,0.0
world,0.0,0.0
worldly,0.0,0.0
worm,0.0,0.0
worse,0.0,0.0
worship,0.0,0.0
worshipped,0.0,0.0
worst,0.0,0.0
worth,0.0,0.0
worthy,0.0,0.0
would,0.0,0.0
wouldst,0.0,0.0
wounded,0.0,0.0
wounds,0.0,0.0
wove,0.0,0.0
woven,0.0,0.0
wrapped,0.0,0.0
wrath,0.0,0.0
wreath,0.0,0.0
wreathed,0.0,0.0
wreaths,0.0,0.0
wreck,0.0,0.0
wretched,0.0,0.0
writ,0.0,0.0
write,0.0,0.0
written,0.0,0.0
wrong,0.0,0.0
wrongs,0.0,0.0
wrought,0.0,0.0
wrung,0.0,0.0
y,0.0,0.0
year,0.0,0.0
yearn,0.0,0.0
years,0.0,0.0
yesterday,0.0,0.0
yet,0.0,0.0
yield,0.0,0.0
yielding,0.0,0.0
yields,0.0,0.0
yon,0.0,0.0
yonder,0.0,0.0
you,0.0,0.0
young,0.0,0.0
your,0.0,0.0
yours,0.0,0.0
youth,0.0,0.0
zeal,0.0,0.0
zone,0.0,0.0
finds,0.101421234209,1404.54670242
throat,0.1528855936,1821.72277538
hid,0.255263609976,2318.46399742
worlds,0.277423745129,1889.06141358
age,0.290529509157,1271.38948516
shut,0.296452345063,3060.60706468
tides,0.325616190317,4937.83547043
spake,0.338845485353,1882.92510652
hoary,0.393804209708,5300.61101644
fool,0.457851099517,3741.61679906
searching,0.494776188194,11153.2135025
toiling,0.570981478438,10284.4838861
pity,0.596509540658,4499.43348867
branch,0.601784293057,10711.7021552
outer,0.629382625126,10988.7000441
ask,0.644195785864,4046.19497123
slow,0.661060483858,3318.50903329
shake,0.68110970837,9385.17994704
tone,0.75244355093,5652.15564317
buy,0.966453203265,13944.3636026
am,0.981970252429,2071.10922809
nature,0.991798399205,2178.96308189
chant,1.05309756431,13795.6795179
dread,1.0774513706,5371.75362346
beware,1.14784641194,19288.9893055
rustling,1.19013351202,22239.1492935
countless,1.20532195373,17492.1342735
between,1.47946438227,6922.24449795
fountain,1.49800172392,12223.518929
homeward,1.59827077948,24842.8208307
buried,1.74886650119,17279.5407666
myself,1.83073239852,10494.7314844
brows,1.84863150699,23808.8085071
wheel,1.85890933768,24633.263911
confessed,1.88633759082,43267.1131282
different,1.91182053589,35170.5126597
him,1.91654461602,1646.18804297
ghost,1.97220275426,16278.1514889
agony,1.97709435397,19944.5383362
plumes,2.02634277784,35684.4518548
prone,2.22998351723,48934.5856664
bed,2.27863435273,9837.88075112
send,2.50450223379,21321.3858818
heedless,2.51177846204,50350.0574844
wan,2.67895959363,30913.2236613
visions,2.71295028239,25294.7345734
once,2.75377855873,6852.14844633
flows,2.75921911456,30290.0430573
brake,2.7769721862,50184.4219371
happier,3.04135006927,49722.3406214
bitter,3.11280593903,17453.8487136
twilight,3.16056750614,15625.5680056
inward,3.36834969013,55164.4175677
cities,3.48220538344,36571.3389322
herself,3.6234379384,39531.5853648
blazing,3.73883714038,70887.8799169
against,3.78781233106,15631.410073
seven,3.88422531505,45267.1026443
imperial,3.96325878914,69607.4083347
scattered,3.98832716541,46361.6343756
huge,4.07233494796,40680.5567403
wore,4.12926250432,43438.6905493
shepherd,4.26642979983,38576.8714991
witness,4.33081921177,64669.1141995
smooth,4.3957081524,52113.6496246
blowing,4.40320874112,53168.177015
well,4.5350328932,10021.1113084
bonds,4.69871734866,100456.994114
ripe,4.77163154438,77444.5951618
sullen,4.9385246297,69771.9584081
worn,4.97655640533,44054.0982354
four,5.15251486501,40337.9972923
phantom,5.37229905111,61283.6457367
danced,5.60603896803,87490.5713821
her,5.61644594351,1837.97727889
apart,5.6677120892,48850.3530126
mirth,5.69287941253,37533.0998354
pomp,5.72334515401,54376.2357942
lifting,5.8086816378,107997.931533
ye,5.83930471615,7685.14261765
wives,6.21554920153,119886.532266
tyre,6.29900647369,117045.626658
draw,6.31616635685,62502.6130348
hut,6.46163353223,83418.494586
books,6.53023475256,58279.5013402
season,6.5356860409,77698.2225732
aloud,6.61212053936,90681.3839411
keen,6.70208761256,52633.5733392
death,6.80233183684,12331.5836522
tossing,6.81572771551,167081.41353
merry,6.85545974494,36958.0917024
vines,6.93324825847,97174.1172617
toiled,7.08223744791,185272.459143
weight,7.34321207778,101708.26234
kneel,7.42815323324,90017.3633333
fallen,7.50914517192,49803.8925504
begin,7.56242992494,100129.427211
pines,7.57632621531,85389.3063439
guest,7.70278974906,86641.295338
pang,7.74007153491,130119.27243
measure,7.74391096445,76129.2185486
gave,7.83148676081,31834.0180461
chance,7.84313049329,78243.0269744
cold,7.87723870285,23340.7165044
scorn,8.01595193608,63889.6903134
ringing,8.08179374695,105264.499756
fancies,8.51185535546,114008.219653
says,8.7880312921,31918.3719001
law,8.88848015691,44661.8201352
paused,8.96687091836,128138.828262
wooed,8.98934652072,196997.024012
moan,9.00448471748,92920.2254688
might,9.16935826721,23539.9906039
weeps,9.25540864096,223580.610182
hum,9.49743731341,158218.467924
knelt,9.52054516104,122628.740676
wailing,9.53729600356,164345.07049
woe,9.66777613662,31825.9345529
doom,9.80048882146,77214.3179
most,9.80733463654,31180.2093597
broad,9.93402781921,69482.1438065
sign,10.0054572935,101751.257785
round,10.0264552933,24370.6082193
yearning,10.1012626493,103338.089007
dashed,10.1196891959,219503.259067
feels,10.2126699368,146952.991791
uplifted,10.4595082736,205606.899238
re,10.4923402603,42349.7921299
cheerful,10.5228595884,130975.442543
palms,10.5442397224,246901.553607
wonder,10.6732234513,62984.2643996
square,10.886133575,158387.64075
faced,11.2954110383,214469.774358
patient,11.5188608904,113497.561264
swords,11.5944434005,190369.551769
fixed,11.6013045939,122540.450902
count,11.7974948736,127987.567479
lot,11.7999042033,105765.745698
thrice,11.8738183496,148583.592407
stretched,11.9286498723,172725.742271
kindling,12.0102956565,228611.362806
self,12.0894461083,50362.2445421
graves,12.0939230523,143525.156403
whirling,12.1961223542,266170.953519
nursed,12.2975819089,272084.242883
plead,12.3906914054,198531.539899
slowly,12.4612877896,75308.6037172
turning,12.7968585432,152891.878285
red,13.1180094406,32525.4420828
phantoms,13.2438709466,276307.10254
blank,13.2454282545,258591.173298
bows,13.2849148117,256504.831195
bursts,13.419476089,247571.234822
human,13.5501334294,46614.3861845
eyes,13.590454394,18470.6966597
dared,13.6353648001,152495.61338
stir,13.640440254,123575.886029
hither,13.7750966754,156247.363741
silk,13.9147158435,249216.823634
foam,14.0976665417,126294.003352
wanton,14.3698648618,307305.785957
whose,14.4141450129,21198.7180794
flock,14.4149663155,234626.576528
murmurs,14.6860815243,237733.146945
how,15.1276251218,23541.900103
shattered,15.1353385658,241059.084591
bloomed,15.1917098364,405991.773906
rushed,15.4030143451,202942.087557
crown,15.6187364729,73652.0316789
cost,16.000958602,241513.638414
grown,16.0287992268,115701.499967
household,16.0469529983,275440.876272
rose,16.1049360905,35233.8289125
and,16.1877564784,2150.56607202
humanity,16.2948389817,272938.898593
somewhat,16.3072679203,295086.676725
dark,16.3082544643,37552.2406222
sure,16.3781828477,90723.3295963
saved,16.4552942819,232976.870662
sand,16.8353939459,139952.08734
secrets,17.1115187227,308189.524826
through,17.2716874294,19271.4445561
lying,17.4642029939,156210.996428
wound,17.4671939475,194081.200594
laws,17.5815715003,125932.96203
looks,17.834865272,124692.398852
groan,17.8368527503,295942.98764
evermore,18.0261283251,176234.866339
lie,18.1252994183,70716.5344559
jealous,18.1901751948,350252.140826
scorned,18.2976072935,453823.370478
favourite,18.4389594537,359432.423823
wine,18.530595006,83557.8827925
walks,18.6350482513,216087.9739
leave,18.7836342275,108969.471194
enough,18.9652480995,136472.674325
pleased,18.9679977916,265064.464915
ghosts,19.3019793417,311625.533051
fearless,19.3047624136,284756.441824
unto,19.6603557907,56730.3801759
scarce,19.9757077026,133090.026233
table,20.4246852683,247377.95996
thorn,20.4716328778,310087.32327
twin,20.5555032545,411779.090397
creature,20.5885162688,238401.071923
winged,20.6234141933,197834.148823
darkly,20.6655834071,343624.335396
change,20.6838973322,126351.519085
ground,21.0756464147,110048.139548
angry,21.1493972227,256446.344724
yellow,21.2005390155,129702.473114
cried,21.2221122347,94961.1451215
wakes,21.2616636427,313207.356748
yes,21.3308585964,96264.9922046
gulf,21.3862398785,451788.058804
veil,21.6784930773,179161.914627
limb,21.8152731402,367442.33398
harsh,22.2804547315,407456.567955
bosoms,22.7402064685,431188.066501
waken,23.3023781537,488657.764662
brightly,23.4275514653,349519.943026
shakes,24.0387661082,422930.941399
blew,24.2674523501,304565.423428
sort,24.7607165333,379275.437854
where,24.7748819869,23795.9412433
spent,24.7769727123,272906.569378
moaning,25.1257480628,474106.824041
loveliest,25.7790807561,466871.109224
surface,26.1230369812,482081.607392
whirl,26.4462215356,454813.612202
present,26.5341400359,230925.050045
hopeless,27.9982519554,432863.475634
playing,28.7983067015,501980.780119
knew,28.8543940054,98251.6369011
wrote,29.2796528462,471157.978118
whatever,29.6830956572,256483.330115
follows,30.4580538479,610999.317411
shot,30.6836525299,235123.815407
she,31.3030104204,15745.5593484
space,32.0960871571,215652.128803
sitting,32.8124445062,350252.479536
part,32.883052957,116848.945349
plays,33.5313137221,582623.170635
trembled,33.8893857331,682451.574822
goes,33.9264430855,181208.932747
shower,34.2822200042,503343.568845
bled,34.3385607421,634132.5156
trance,34.4965142936,599939.200954
leaf,35.1472964996,231408.205396
lest,35.9083367932,261928.82005
wert,36.0901433099,356055.767711
trumpet,37.1471399259,613736.885437
hurt,37.610024226,783342.523993
houses,38.0192666293,540585.43209
presence,38.2303775955,257980.589724
vainly,38.8152466256,449490.740495
twice,39.0877907154,697915.525302
what,40.3774848106,41889.8152232
everywhere,40.5774118791,412164.345301
hers,40.7738992532,445891.547583
lingering,41.0068777763,394932.926256
starry,41.0803874748,334230.448283
evil,42.7306336404,313886.642407
fresh,43.324472876,269712.571782
blast,43.408226898,416653.142628
sober,43.7334164992,840935.964353
heavy,44.3420275923,273572.616591
unheard,45.0144457374,1027467.02179
yore,45.830938145,588975.444481
hurrying,46.5166302114,872506.506233
served,47.0601845501,909100.072223
spoke,47.5227158039,286763.384932
reverence,49.2120592686,897473.777963
smoke,49.4952344888,445113.610853
turf,56.8150182349,1004367.20797
nights,64.8162182268,573848.506655
sake,69.6649368831,553453.041798
d,70.9633158415,97559.3056161
seasons,74.1035299752,1066501.36416
